Date,Policy #,Queue,Mode,Email Sent,Notes
"Wednesday, January 6, 2016",VF52934630,Pay,Direct Annual,No,
"Thursday, January 7, 2016",VF52895530,Pay,Direct Annual,No,
"Thursday, January 7, 2016",VF52938240,Pay,Direct Quarterly,No,
"Thursday, January 7, 2016",VF52938200,Pay,Direct Annual,No,
"Friday, January 8, 2016",VF52874860,Pay,,,
"Friday, January 8, 2016",VF52913650,Pay,,,
"Friday, January 8, 2016",VF52903200,Pay,Monthly EFT,No,
"Friday, January 8, 2016",VF52895490,Pay,Monthly EFT,No,
"Friday, January 8, 2016",VF52930150,Pay,Monthly EFT,Yes,
"Friday, January 8, 2016",VF52926720,Pay,Direct Annual,No,
"Friday, January 8, 2016",VF52938760,Pay,Direct Quarterly,No,
"Monday, January 11, 2016",VF52918470,Pay,,,
"Monday, January 11, 2016",VF52933320,Pay,Direct Annual,No,
"Monday, January 11, 2016",VF52909660,Pay,ListBill,No,
"Monday, January 11, 2016",VF52921460,Pay,ListBill,No,
"Monday, January 11, 2016",VF52923890,Pay,Monthly EFT,Yes,
"Monday, January 11, 2016",VF52928650,Pay,ListBill,No,
"Monday, January 11, 2016",VF52924440,Pay,Monthly EFT,Yes,
"Monday, January 11, 2016",VF52918470,Pay,Monthly EFT,Yes,
"Tuesday, January 12, 2016",VF52938270,Pay,Monthly EFT,Yes,
"Tuesday, January 12, 2016",VF52921370,Pay,Direct Annual,No,
"Tuesday, January 12, 2016",VF52933200,Pay,Monthly EFT,Yes,
"Tuesday, January 12, 2016",VF52919160,Pay,Direct Annual,No,
"Wednesday, January 13, 2016",VF52928450,Pay,Monthly EFT,,
"Wednesday, January 13, 2016",VF52925560,Pay,Direct Annual,No,
"Wednesday, January 13, 2016",VF52901770,Pay,Monthly EFT,Yes,
"Wednesday, January 13, 2016",VF52929920,Pay,Monthly EFT,No,
"Wednesday, January 13, 2016",VF52928450,Pay,Monthly EFT,No,
"Wednesday, January 13, 2016",VF52915720,Pay,Direct Annual,No,
"Wednesday, January 13, 2016",VF52936990,Pay,Direct Annual,No,
"Wednesday, January 13, 2016",VF52911770,Pay,Direct Annual,No,
"Wednesday, January 13, 2016",VF52906070,Pay EFT,Monthly EFT,Yes,
"Thursday, January 14, 2016",VF52901430,Pay,Direct Annual,No,
"Thursday, January 14, 2016",VF52938690,Pay,Direct Annual,No,
"Thursday, January 14, 2016",VF52928940,Pay,Direct Quarterly,No,
"Friday, January 15, 2016",VF52937810,Pay,Monthly EFT,Yes,
"Friday, January 15, 2016",VF52906020,Pay,Direct Annual,No,
"Friday, January 15, 2016",VF52901820,Pay,Direct Annual,No,
"Monday, January 25, 2016",VF52920380,Pay,Direct Annual,No,
"Monday, January 25, 2016",VF52932370,Pay,Monthly EFT,Yes,
"Monday, January 25, 2016",VF52930920,Pay,Monthly EFT,No,
"Monday, January 25, 2016",VF52927850,Pay EFT,Monthly EFT,No,
"Tuesday, January 26, 2016",VF52938310,Pay,Monthly EFT,Yes,
"Tuesday, January 26, 2016",VF52937820,Pay,Direct Annual,No,
"Tuesday, January 26, 2016",VF52914700,Pay EFT,Monthly EFT,No,
"Tuesday, January 26, 2016",VF52905950,Pay EFT,Monthly EFT,Yes,
"Tuesday, January 26, 2016",VF52942090,Pay,Direct Annual,No,
"Tuesday, January 26, 2016",VF52942090,Pay,Direct Annual,No,
"Wednesday, January 27, 2016",VF52937280,Pay,Direct Quarterly,No,
"Wednesday, January 27, 2016",VF52945490,Pay,Monthly EFT,No,
"Wednesday, January 27, 2016",VF52940170,Pay,Direct Annual,No,
"Wednesday, January 27, 2016",VF52925660,Pay,Monthly EFT,Yes,
"Thursday, January 28, 2016",VF52915380,Pay,Direct Annual,No,
"Thursday, January 28, 2016",VF52933230,Pay,Direct Annual,No,
"Thursday, January 28, 2016",VF52874190,Pay,Direct Annual,No,
"Thursday, January 28, 2016",VF52934210,Pay EFT,Monthly EFT,Yes,
"Friday, January 29, 2016",VF52898930,Pay,Direct Annual,No,
"Friday, January 29, 2016",VF52906280,Pay,Direct Quarterly,No,
"Friday, January 29, 2016",VF52914620,Pay,ListBill,No,
"Friday, January 29, 2016",VF52935150,Pay,Monthly EFT,No,
"Friday, January 29, 2016",VF52910760,Pay EFT,Monthly EFT,Yes,
"Friday, January 29, 2016",VF52942900,Pay EFT,Monthly EFT,Yes,
"Monday, February 1, 2016",VF52915600,Pay,Monthly EFT,No,
"Monday, February 1, 2016",VF52929730,Pay,Monthly EFT,No,
"Monday, February 1, 2016",VF52892580,Pay,Monthly EFT,No,
"Wednesday, February 3, 2016",VF52937580,Pay,Monthly EFT,Yes,
"Wednesday, February 3, 2016",VF52938110,Pay,Direct Annual,No,
"Wednesday, February 3, 2016",VF52945390,Pay,ListBill,No,
"Wednesday, February 3, 2016",VF52935660,Pay,Monthly EFT,Yes,
"Thursday, February 4, 2016",VF52938450,Pay EFT,Monthly EFT,Yes,
"Friday, February 5, 2016",VF52938890,Pay,Direct Annual,No,
"Friday, February 5, 2016",VF52934430,Pay EFT, Monthly EFT,Yes,
"Monday, February 8, 2016",VF52925260,Pay,Monthly EFT,No,
"Monday, February 8, 2016",VF52937060,Pay,Direct Annual,No,
"Tuesday, February 9, 2016",VF52908390,Pay,Direct Annual,No,
"Wednesday, February 10, 2016",VF52931230,Pay,Monthly EFT,No,
"Wednesday, February 10, 2016",VF52918620,Pay EFT,Monthly EFT,No,
"Wednesday, February 10, 2016",VF52940420,Pay,Direct Annual,No,
"Wednesday, February 10, 2016",VF52929820,Pay,Direct Annual,No,
"Thursday, February 11, 2016",VF52915250,Pay,Direct Annual,No,
"Friday, February 12, 2016",VF52934310,Pay,Monthly EFT,Yes,
"Friday, February 12, 2016",VF52944630,Pay,Direct Annual,No,
"Friday, February 12, 2016",VF52932280,Pay,Monthly EFT,Yes,
"Tuesday, February 16, 2016",VF52891080,Pay,Monthly EFT,No,
"Tuesday, February 16, 2016",VF52937170,Pay,Monthly EFT,No,Day 2 Loan C/O
"Tuesday, February 16, 2016",VF52943210,Pay,Direct Annual,No,Case paid.Emailed PDF documents to Life CMU for PDF set up. Pending PDF receipt
"Wednesday, February 17, 2016",VF52944750,Pay,Quarterly EFT,Yes,
"Wednesday, February 17, 2016",VF52945790,Pay,Direct Annual,No,"Case paid. Title Confirm created. Fwded a copy w/ SPEND to office and producer. Mailing copies to the PO, insured, and producer"
"Wednesday, February 17, 2016",VF52939170,Pay,Direct Annual,No,"Case paid. Title Confirm created. Fwded a copy w/ SPEND to office and producer. Mailing copies to the PO, insured, and producer"
"Wednesday, February 17, 2016",VF52945450,Pay,Monthly EFT,No,
"Wednesday, February 17, 2016",VF52943490,Pay,Monthly EFT,Yes,
"Thursday, February 18, 2016",VF52913710,Pay,Direct Quarterly,No,Case paid. Term Conversion coversheet completed and emailed to Commission Change Leads. Holding for Day 2
"Thursday, February 18, 2016",VF52923040,Pay,Monthly EFT,Yes,
"Thursday, February 18, 2016",VF52945570,Pay EFT,Monthly EFT,Yes,
"Thursday, February 18, 2016",VF52890350,Pay,Direct Annual,Yes,"$500,000.00 applied ($326,622 dump in + $173,378.00 1st year premium). Emailed office confirming if the client would like to redate to the date the money was rcvd (2/18/2016). Will proceed once confirmation is received"
"Friday, February 19, 2016",VF52928680,Pay,Monthly EFT,Yes,
"Tuesday, February 23, 2016",VF52918290,Pay,Monthly EFT,No,
"Wednesday, February 24, 2016",VF52937320,Pay,Direct Annual,No,
"Wednesday, February 24, 2016",VF52886750,Pay,Direct Annual,No,"Case paid as of 2/24 in error. Reversed all funds and reapplied correctly as of 2/23 (date wire was rcvd). Notified Life Fin Recon of the same day reversal and requested to clear any out of balances. PDF Checklist, request form, illus, and funding grid sent to AFM"
"Thursday, February 25, 2016",VF52948920,Pay,Monthly EFT,No,
"Thursday, February 25, 2016",VF52948930,Pay,Monthly EFT,No,
"Thursday, February 25, 2016",VF52947130,Pay,Monthly EFT,No,
"Thursday, February 25, 2016",VF52927700,Pay,Direct Annual,No,
"Monday, February 29, 2016",VF52935700,Pay,Monthly EFT,No,
"Monday, February 29, 2016",VF52920780,Pay,Monthly EFT,No,
"Tuesday, March 1, 2016",VF52945210,Pay,Direct Annual,No,
"Tuesday, March 1, 2016",VF52932430,Pay,Direct Annual,No,
"Wednesday, March 2, 2016",VF52949480,Pay,Monthly EFT,No,
"Wednesday, March 2, 2016",VF52941560,Pay,Direct Quarterly,No,VF52941560 & VF52817310- Cases paid. Money applied as of 3/1/2016. Notified office that we only have 1 month COI for each policy. If we do not receive the EFT forms by 4/2 then the policies will grace
"Wednesday, March 2, 2016",VF52817310,Pay,Direct Quarterly,No,VF52941560 & VF52817310- Cases paid. Money applied as of 3/1/2016. Notified office that we only have 1 month COI for each policy. If we do not receive the EFT forms by 4/2 then the policies will grace
"Thursday, March 3, 2016",VF52942280,Pay,Direct Annual,No,
"Thursday, March 3, 2016",VF52924380,Pay EFT,Monthly EFT,Yes,
"Thursday, March 3, 2016",VF52936080,Pay,Direct Annual,No,
"Friday, March 4, 2016",VF52909460,Pay,Direct Quarterly,No,
"Monday, March 7, 2016",VF52940750,Pay,Direct Annual,No,
"Monday, March 7, 2016",VF52940160,Pay,Direct Annual,No,
"Tuesday, March 8, 2016",VF52954980,Pay,Monthly EFT,No,
"Tuesday, March 8, 2016",VF52930320,Pay,Direct Annual,No,
"Tuesday, March 8, 2016",VF52958240,Pay,Direct Annual,No,
"Wednesday, March 9, 2016",VF52919900,Pay,Monthly EFT,Yes,
"Wednesday, March 9, 2016",VF76043830,Pay,Direct Annual,No,
"Thursday, March 10, 2016",VF52933920,Pay,Monthly EFT,Yes,
"Friday, March 11, 2016",VF52948670,Pay,Monthly EFT,Yes,
"Friday, March 11, 2016",VF52934520,Pay,Listbill,No,
"Friday, March 11, 2016",VF52964290,Pay,Listbill,No,
"Tuesday, March 15, 2016",VF52960300,Pay,Monthly EFT,No,
"Wednesday, March 16, 2016",VF52947790,Pay,Monthly EFT,Yes,
"Thursday, March 17, 2016",VF52929200,Pay,Monthly EFT,No,
"Friday, March 18, 2016",VF52964470,Pay,Direct Annual,No,"CWA would violate 7pay. Emailed office confirming if the client would like the policy to MEC or if an excess premium refund is wanted ($672.00). Holding RR  // Per NBCOR(379584071), office would like to refund the excess premium. Initial payment reversed, applied premium amount of $1,783.10 (set to issue as of 3/11/2016). Case paid. Sending RR to Return Money queue to refund excess premium"
"Friday, March 18, 2016",VF52963400,Pay EFT,Monthly EFT,No,
"Tuesday, March 22, 2016",VF52930850,Pay EFT,Monthly EFT,Yes,
"Tuesday, March 22, 2016",VF52937270,Pay,Direct Annual,No,
"Wednesday, March 23, 2016",VF52944820,Pay EFT,Monthly EFT,Yes,
"Monday, March 28, 2016",VF52950700,Pay,Direct Annual,No,"Case paid. Copy of the PDF Checklist, PDF Form and PDF Illustration sent to AFM. Client signed new PDF request form so no verification of last year's prem adjustment is needed. Holding for PDF Receipt"
"Monday, March 28, 2016",VF52957790,Pay,Direct Annual,No,
"Tuesday, March 29, 2016",VF52931550,Pay,Monthly EFT,No,
"Tuesday, March 29, 2016",VF52947670,Pay,Direct Annual,No,
"Tuesday, March 29, 2016",VF52905770,Pay,Monthly EFT,No,
"Tuesday, March 29, 2016",VF52957410,Pay,Direct Annual,No,
"Tuesday, March 29, 2016",VF52960700,Pay,Direct Annual,No,
"Tuesday, March 29, 2016",VF52952000,Pay,Monthly EFT,Yes,
"Wednesday, March 30, 2016",VF52963710,Pay,Direct Annual,No,
"Wednesday, March 30, 2016",VF52963940,Pay,Direct Annual,No,
"Wednesday, March 30, 2016",VF52916270,Pay EFT,Monthly EFT,No,
"Friday, April 1, 2016",VF52957180,Pay EFT,Direct Semi-Annual,Yes,
"Friday, April 1, 2016",VF52929900,Pay,Direct Annual,No,
"Friday, April 1, 2016",VF52945240,Pay EFT,ListBill,Yes,
"Friday, April 1, 2016",VF52965480,Pay,ListBill,No,
"Friday, April 1, 2016",VF52949090,Pay,Direct Quarterly,No,
"Friday, April 1, 2016",VF52954420,Pay EFT,Monthly EFT,No,
"Wednesday, April 6, 2016",VF52948260,Pay,Direct Annual,No,
"Monday, April 11, 2016",VF52947830,Pay,Direct Quarterly,No,
"Monday, April 11, 2016",VF52944590,Pay,Monthly EFT,No,
"Monday, April 11, 2016",VF52947490,Pay,Direct Annual,No,
"Monday, April 11, 2016",VF52913730,Pay,Direct Annual,No,Case paid. Day 1 loan carryover completed
"Wednesday, April 13, 2016",VF52922200,Pay,Direct Annual,No,
"Thursday, April 14, 2016",VF52950690,Pay,Direct Annual,No,
"Thursday, April 21, 2016",VF52952220,Pay,Direct Annual,No,
"Thursday, April 21, 2016",VF52935240,Pay,Direct Annual,No,
"Friday, April 22, 2016",VF52957950,Pay EFT,Monthly EFT,Yes,
"Thursday, April 28, 2016",VF52964080,Pay,Direct Annual,No,
"Thursday, April 28, 2016",VF52963130,Pay,Direct Annual,No,
"Thursday, April 28, 2016",VF52961950,Pay,Direct Annual,No,
"Friday, April 29, 2016",VF52923120,Pay,Direct Annual,No,
"Friday, April 29, 2016",VF52972640,Pay,Direct Annual,No,
"Friday, April 29, 2016",VF52979270,Pay,Monthly EFT,No,
"Monday, May 2, 2016",VF52957950,Pay EFT,Monthly EFT,Yes,
"Wednesday, May 4, 2016",VF52955850,Pay,Direct Annual,No,
"Thursday, May 5, 2016",VF52947940,Pay,Direct Annual,No,
"Thursday, May 5, 2016",VF52957950,Pay,Monthly EFT,Yes,
"Friday, May 6, 2016",VF52962470,Pay,Listbill,No,
"Friday, May 6, 2016",VF52930950,Pay EFT,Direct Annual,Yes,
"Monday, May 9, 2016",VF52936600,Pay EFT,Monthly EFT,Yes,
"Monday, May 9, 2016",VF52951660,Pay EFT,Monthly EFT,Yes,
"Wednesday, May 11, 2016",VF52928990,Pay EFT,Monthly EFT,Yes,
"Thursday, May 12, 2016",VF52964770,Pay EFT,Monthly EFT,Yes,
"Monday, May 16, 2016",VF52931650,Pay,Monthly EFT,Yes,
"Tuesday, May 17, 2016",VF52965210,Pay,Monthly EFT,Yes,
"Thursday, May 19, 2016",VF52978440,Pay,Direct Annual,No,
"Friday, May 20, 2016",VF52951200,Pay,Listbill,No,
"Friday, May 20, 2016",VF52958440,Pay,Listbill,No,
"Tuesday, May 24, 2016",VF52965590,Pay,Direct Annual,No,
"Tuesday, May 24, 2016",VF52945890,Pay,Monthly EFT,Yes,
"Wednesday, May 25, 2016",VF52941920,Pay,Direct Annual,No,
"Thursday, May 26, 2016",VF52969770,Pay EFT,Monthly EFT,Yes,
"Friday, May 27, 2016",VF52970460,Pay,Monthly EFT,Yes,
"Friday, May 27, 2016",VF52969710,Pay,Direct Annual,No,
"Friday, May 27, 2016",VF52975790,Pay,Monthly EFT,Yes,
"Wednesday, June 1, 2016",VF52964770,Pay EFT,Monthly EFT,No,
"Wednesday, June 8, 2016",VF52978970,Pay,Monthly EFT,No,Case paid. Draft date change letter created and mailed. Copy sent to office. Case paid. Term Conversion coversheet completed and emailed to Commission Change Leads. Holding for Day 2
"Friday, June 10, 2016",VF52977070,Pay,Monthly EFT,Yes,
"Friday, June 10, 2016",VF52971160,Pay,Direct Annual,No,
"Friday, June 10, 2016",VF52978270,Pay,Direct Annual,No,
"Wednesday, June 15, 2016",VF52982550,Pay EFT,Direct Annual,Yes,
"Friday, June 17, 2016",VF52950410,Pay EFT,Monthly EFT,Yes,
"Friday, June 17, 2016",VF52983020,Pay,Direct Annual,No,
"Friday, June 17, 2016",VF52978360 ,Pay,Direct Annual,No,
"Friday, June 17, 2016",VF52979680,Pay,Direct Annual,No,"Discrepancy with illus and system. Illus shows Premier Living Benefits Rider as added, but system shows it is declined. Spoke to Nancy. Was told to not pay the case until further notice"
"Thursday, June 23, 2016",VF52980980,Pay,Direct Annual,No,
"Friday, June 24, 2016",VF52962130,Pay,Direct Annual,No,
"Monday, June 27, 2016",VF52962130,Pay,Direct Annual,No,Case paid. PDF documents sent to Life CMU for PDF set up
"Tuesday, June 28, 2016",VF52989400,Pay,Direct Annual,No,
"Thursday, June 30, 2016",VF52983990,Pay,Monthly EFT,Yes,
"Friday, July 1, 2016",VF52992300,Pay EFT,Monthly EFT,Yes,
"Friday, July 1, 2016",VF52991510,Pay EFT,Monthly EFT,Yes,
"Tuesday, July 5, 2016",VF52985870,Pay EFT,Monthly EFT,Yes,
"Tuesday, July 5, 2016",VF52985880,Pay EFT,Monthly EFT,Yes,
"Wednesday, July 6, 2016",VF52962360,Pay,Direct Annual,No,
"Thursday, July 7, 2016",VF52964320,Pay,Monthly EFT,Yes,
"Thursday, July 7, 2016",VF52993580,Pay,Monthly EFT,No,
"Thursday, July 7, 2016",VF52982360,Pay EFT,Monthly EFT,Yes,
"Friday, July 8, 2016",VF52977980,Pay EFT,Monthly EFT,Yes,
"Friday, July 8, 2016",VF52978600,Pay,Monthly EFT,Yes,
"Tuesday, July 12, 2016",VF52962390,Pay,Direct Annual,No,
"Tuesday, July 12, 2016",VF52988690,Pay,Direct Annual,No,
"Tuesday, July 12, 2016",VF52965310,Pay,Direct Quarterly,No,Case paid temporarily on direct quarterly (producer is earned). Day 1 loan carryover completed
"Tuesday, July 12, 2016",VF52961770,Pay EFT,Monthly EFT,No,
"Tuesday, July 12, 2016",VF52991560,Pay EFT,Direct Annual,No,
"Tuesday, July 12, 2016",VF52991860,Pay,Direct Quarterly,No,Case paid temporarily on direct quarterly (producer is earned). Day 1 term conversion completed
"Wednesday, July 13, 2016",VF52965310,Pay,Direct Quarterly,No,Day 2 loan carryover completed
"Wednesday, July 13, 2016",VF52962390,Pay EFT,Direct Annual,Yes,
"Wednesday, July 13, 2016",VF52973100,Pay EFT,Direct Quarterly,Yes,
"Wednesday, July 13, 2016",VF52966230,Pay,Monthly EFT,No,
"Wednesday, July 13, 2016",VF52986920,Pay,Direct Annual,No,
"Wednesday, July 13, 2016",VF52966070,Pay EFT,Monthly EFT,Yes,
"Thursday, July 14, 2016",VF52957930,Pay EFT,Monthly EFT,No,
"Thursday, July 14, 2016",VF52988700,Pay EFT,Monthly EFT,Yes,
"Thursday, July 21, 2016",VF52980770,Pay EFT,Monthly EFT,Yes,
"Thursday, July 21, 2016",VF52992060,Pay,Direct Annual,No,
"Monday, July 25, 2016",VF52991130,Pay,Direct Annual,No,
"Tuesday, July 26, 2016",VF53001130,Pay EFT,Monthly EFT,No,
"Tuesday, July 26, 2016",VF53001120,Pay EFT,Monthly EFT,No,
"Tuesday, July 26, 2016",VF52954820,Pay EFT,Monthly EFT,No,"Case temporarily paid on direct quarterly mode. EFT confirm not sent, as no email was provided. Notified office that we must receive additional premium or the EFT form w/ option 3 selected by 9/22/2016 or else the policy will grace. Emailed office confirming if they would like to change the payor to Rosary LLC, as it is the account used on the EFT form"
"Thursday, July 28, 2016",VF76046480,Pay EFT,Monthly EFT,Yes,
"Thursday, July 28, 2016",VF53004800,Pay,Monthly EFT,No,
"Friday, July 29, 2016",VF52990810,Pay,Direct Annual,No,
"Friday, July 29, 2016",VF52990660,Pay,Direct Annual,No,
"Friday, July 29, 2016",VF52994450 ,Pay,Direct Annual,No,
"Friday, July 29, 2016",VF52994460 ,Pay,Direct Annual,No,
"Friday, July 29, 2016",VF52966940,Pay,Monthly EFT,No,
"Friday, July 29, 2016",VF52986450,Pay EFT,Monthly EFT,Yes,
"Friday, July 29, 2016",VF52994110,Pay EFT,Monthly EFT,Yes,
"Monday, August 1, 2016",VF52985790,Pay,Monthly EFT,Yes,
"Tuesday, August 2, 2016",VF52992780,Pay,Direct Quarterly,No,
"Tuesday, August 2, 2016",VF52976370,Pay,Direct Annual,No,
"Tuesday, August 2, 2016",VF52986240,Pay,Direct Annual,No,
"Tuesday, August 2, 2016",VF52970320,Pay EFT,Monthly EFT,Yes,
"Thursday, August 4, 2016",VF52982850,Pay,Monthly EFT,No,
"Thursday, August 4, 2016",VF52985140,Pay,Monthly EFT,No,
"Friday, August 5, 2016",VF52998760,Pay,Monthly EFT,No,
"Monday, August 8, 2016",VF52997730,Pay,Direct Annual,No,
"Tuesday, August 9, 2016",VF52975020,Pay,Monthly EFT,Yes,
"Tuesday, August 9, 2016",VF52974940,Pay,Monthly EFT,Yes,
"Wednesday, August 10, 2016",VF52966400,Pay,Monthly EFT,Yes,
"Wednesday, August 10, 2016",VF53000360,Pay,Direct Annual,No,
"Thursday, August 11, 2016",VF52939880,Pay,Monthly EFT,Yes,
"Thursday, August 11, 2016",VF53003400,Pay,Monthly EFT,No,
"Thursday, August 11, 2016",VF53005130,Pay EFT,Monthly EFT,Yes,
"Thursday, August 11, 2016",VF52988950,Pay,Monthly EFT,No,
"Thursday, August 11, 2016",VF53004560,Pay,Monthly EFT,Yes,
"Friday, August 12, 2016",VF52998060,Pay,Monthly EFT,No,
"Friday, August 12, 2016",VF52989280,Pay,Direct Annual,No,
"Friday, August 12, 2016",VF52986900,Pay EFT,Direct Annual,No,
"Tuesday, August 16, 2016",VF52997800,Pay,Monthly EFT,Yes,
"Tuesday, August 16, 2016",VF52987790,Pay,Monthly EFT,Yes,
"Wednesday, August 17, 2016",VF52994520,Pay,Monthly EFT,Yes,
"Monday, August 22, 2016",VF52968790,Pay,Monthly EFT,No,
"Thursday, August 25, 2016",VF52977260,Pay,Monthly EFT,No,
"Wednesday, August 31, 2016",VF52984200,Pay,Monthly EFT,Yes,
"Wednesday, August 31, 2016",VF52989500,Pay,Monthly EFT,Yes,
"Tuesday, September 13, 2016",VF52987970,Pay,Monthly EFT,Yes,
"Tuesday, September 13, 2016",VF53014610,Pay,Listbill,No,
"Thursday, September 15, 2016",VF52987450,Pay,Listbill,No,
"Friday, September 16, 2016",VF53003510,Pay,Monthly EFT,Yes,
"Friday, September 16, 2016",VF53002560,Pay,Direct Annual,No,
"Friday, September 16, 2016",VF53014610,Pay,Listbill,No,
"Monday, September 19, 2016",VF52978460,Pay EFT,Monthly EFT,Yes,
"Thursday, September 29, 2016",VF52962240,Pay EFT,Monthly EFT,Yes,
"Thursday, September 29, 2016",VF52945650,Pay EFT,Direct Quarterly,No,
"Monday, October 3, 2016",VF53007300,Pay,Monthly EFT,Yes,
"Wednesday, October 5, 2016",VF52990780,Pay,Monthly EFT,Yes,
"Wednesday, October 5, 2016",VF53007990,Pay,Monthly EFT,Yes,
"Thursday, October 6, 2016",VF52994620,Pay,Monthly EFT,Yes,
"Thursday, October 6, 2016",VF53007440,Pay,Monthly EFT,Yes,
"Wednesday, October 12, 2016",VF52988330,Pay,Monthly EFT,Yes,
"Wednesday, October 12, 2016",VF52997460,Pay,Direct Annual,No,
"Wednesday, October 12, 2016",VF53021230,Pay,Direct Quarterly,No,
"Thursday, October 13, 2016",VF53017120,Pay,Monthly EFT,Yes,
"Thursday, October 13, 2016",VF53005410,Pay,Monthly EFT,No,
"Friday, October 14, 2016",VF53010610,Pay,Monthly EFT,Yes,
"Friday, October 14, 2016",VF53012630,Pay,Direct Annual,No,
"Friday, October 14, 2016",VF53026210,Pay EFT,Direct Quarterly,No,
"Tuesday, October 18, 2016",VF53014990,Pay,Monthly EFT,No,
"Tuesday, October 18, 2016",VF52994720,Pay,Direct Quarterly,No,
"Tuesday, October 18, 2016",VF53018970,Pay,Direct Annual,No,
"Tuesday, October 18, 2016",VF53002720,Pay,Monthly EFT,Yes,
"Thursday, October 27, 2016",VF53015660,Pay,Direct Annual,No,
"Monday, October 31, 2016",VF53032260,Pay,Direct Annual,No,
"Monday, October 31, 2016",VF53032370,Pay,Direct Annual,No,
"Monday, October 31, 2016",VF53003780,Pay,Monthly EFT,Yes,
"Tuesday, November 1, 2016",VF53009190,Pay,Monthly EFT,No,
"Tuesday, November 1, 2016",VF53028900,Pay,Monthly EFT,Yes,
"Tuesday, November 1, 2016",VF53009580,Pay,Monthly EFT,No,
"Tuesday, November 1, 2016",VF52991310,Pay,Monthly EFT,Yes,
"Wednesday, November 2, 2016",VF53015720,Pay,Monthly EFT,No,
"Tuesday, November 8, 2016",VF53019610,Pay,Monthly EFT,No,
"Tuesday, November 8, 2016",VF53032380,Pay,Monthly EFT,Yes,
"Thursday, November 10, 2016",VF53010410,Pay EFT,Monthly EFT,Yes,
"Thursday, November 10, 2016",VF53019010,Pay,Direct Quarterly,No,
"Monday, November 14, 2016",VF53025550,Pay,Listbill,No,
"Monday, November 14, 2016",VF52959930,Pay,Monthly EFT,No,
"Wednesday, November 16, 2016",VF53015960,Pay,Monthly EFT,Yes,
"Wednesday, November 16, 2016",VF53031440,Pay,Direct Quarterly,No,
"Thursday, November 17, 2016",VF53030850,Pay,Direct Annual,No,
"Tuesday, November 22, 2016",VF53009710,Pay,Monthly EFT,Yes,
"Tuesday, November 22, 2016",VF53012450,Pay,Monthly EFT,Yes,
"Tuesday, November 22, 2016",VF53011760,Pay,Direct Annual,No,
"Tuesday, November 29, 2016",VF52994280,Pay,Monthly EFT,Yes,
"Tuesday, November 29, 2016",VF52998880,Pay EFT,Direct Annual,No,
"Wednesday, November 30, 2016",VF53016870,Pay,Monthly EFT,No,
"Wednesday, November 30, 2016",VF53032320,Pay,Direct Annual,No,
"Wednesday, November 30, 2016",VF53035130,Pay,Direct Annual,No,
"Wednesday, November 30, 2016",VF53028510,Pay,Direct Annual,No,
"Thursday, December 1, 2016",VF53010660,Pay,Monthly EFT,Yes,
"Thursday, December 1, 2016",VF53028670,Pay,Direct Semi-Annual,No,
"Friday, December 2, 2016",VF53040780,Pay,Monthly EFT,Yes,
"Friday, December 9, 2016",VF53007380,Pay,Monthly EFT,Yes,
"Tuesday, December 13, 2016",VF53010340,Pay,Monthly EFT,Yes,
"Tuesday, December 13, 2016",VF53010790,Pay,Monthly EFT,Yes,
"Tuesday, December 13, 2016",VF53018160,Pay,Direct Annual,No,
"Tuesday, December 13, 2016",VF53018780,Pay,Direct Annual,No,
"Tuesday, December 13, 2016",VF53035120,Pay,Direct Annual,No,
"Tuesday, December 13, 2016",VF53033980,Pay,Monthly EFT,Yes,
"Thursday, December 15, 2016",VF52968330,Pay,Monthly EFT,Yes,
"Thursday, December 15, 2016",VF52968320,Pay,Direct Quarterly,Yes,
"Tuesday, December 20, 2016",VF53041160,Pay,Monthly EFT,Yes,
"Tuesday, December 20, 2016",VF53010860,Pay EFT,Monthly EFT,,
"Thursday, December 22, 2016",VF53037430,Pay,Direct Annual,No,
"Friday, December 30, 2016",VF53025250,Pay,Direct Annual,No,
"Friday, December 30, 2016",VF53039350,Pay EFT,Monthly EFT,Yes,
"Friday, December 30, 2016",VF53039020,Pay,Monthly EFT,Yes,
"Friday, December 30, 2016",VF53058510,Pay,Listbill,No,
"Friday, December 30, 2016",VF53042480,Pay EFT,Monthly EFT,No,
"Friday, December 30, 2016",VF53046320,Pay,Direct Annual,No,
"Thursday, January 5, 2017",VF53020680,Pay EFT,Monthly EFT,Yes,
"Friday, January 13, 2017",VF53041600,Pay EFT,Monthly EFT,Yes,
"Tuesday, January 17, 2017",VF53029920,Pay EFT,Direct Annual,Yes,
"Friday, January 20, 2017",VF53019240,Pay,Direct Annual,No,
"Tuesday, January 24, 2017",VF53024880,Pay,Monthly EFT,Yes,
"Friday, January 27, 2017",VF53059000,Pay,Direct Annual,No,
"Friday, January 27, 2017",VF53062560,Pay,Listbill,No,
"Friday, January 27, 2017",VF53062620,Pay,Listbill,No,
"Monday, January 30, 2017",VF53052170,Pay,Monthly EFT,Yes,
"Tuesday, January 31, 2017",VF53047110,Pay,Direct Annual,No,
"Wednesday, February 1, 2017",VF53052330,Pay,Monthly EFT,Yes,
"Wednesday, February 1, 2017",VF53064990,Pay,Monthly EFT,Yes,
"Friday, February 3, 2017",VF53040940,Pay,Monthly EFT,Yes,
"Monday, February 6, 2017",VF53044760,Pay,Monthly EFT,Yes,
"Monday, February 6, 2017",VF53060290,Pay,Monthly EFT,Yes,
"Monday, February 6, 2017",VF53004420,Pay,Monthly EFT,Yes,
"Wednesday, February 8, 2017",VF53044750,Pay,Monthly EFT,Yes,
"Thursday, February 9, 2017",VF53057340,Pay,Direct Annual,No,
"Friday, February 10, 2017",VF53048690,Pay,Direct Quarterly,No,
"Friday, February 10, 2017",VF53061750,Pay,Direct Annual,No,
"Friday, February 10, 2017",VF53050440,Pay EFT,Monthly EFT,No,
"Friday, February 10, 2017",VF53061400,Pay,Direct Annual,No,
"Thursday, February 16, 2017",VF53064610,Pay EFT,Monthly EFT,Yes,
"Friday, February 17, 2017",VF53068290,Pay EFT,Monthly EFT,Yes,
"Tuesday, February 21, 2017",VF53065310,Pay,Direct Annual,No,
"Tuesday, February 21, 2017",VF53031560,Pay,Monthly EFT,Yes,
"Tuesday, February 21, 2017",VF53073920,Pay,Direct Annual,No,
"Tuesday, February 21, 2017",VF53056210,Pay,Direct Annual,No,
"Tuesday, February 21, 2017",VF53064500,Pay,Direct Annual,No,
"Tuesday, February 21, 2017",VF53064260,Pay,Direct Annual,No,
"Wednesday, February 22, 2017",VF53071060,Pay,Direct Annual,No,
"Thursday, February 23, 2017",VF53065220,Pay,Direct Annual,No,
"Thursday, February 23, 2017",VF53045470,Pay,Direct Annual,No,
"Thursday, February 23, 2017",VF53020510,Pay EFT,Monthly EFT,Yes,
"Friday, February 24, 2017",VF53063620,Pay,Monthly EFT,No,
"Friday, February 24, 2017",VF53066970,Pay,Monthly EFT,No,
"Friday, February 24, 2017",VF53064790,Pay,Direct Annual,No,
"Friday, February 24, 2017",VF53056870,Pay,Direct Annual,No,
"Friday, February 24, 2017",VF53059300,Pay,Direct Annual,No,
"Thursday, March 2, 2017",VF53066350,Pay,Monthly EFT,Yes,
"Thursday, March 2, 2017",VF53071560,Pay,Monthly EFT,No,
"Thursday, March 2, 2017",VF53058520,Pay,Direct Annual,No,
"Thursday, March 2, 2017",VF53075660,Pay,Direct Annual,No,
"Thursday, March 2, 2017",VF53061460,Pay,Monthly EFT,Yes,
"Friday, March 3, 2017",VF53065760,Pay EFT,Direct Annual,No,
"Friday, March 3, 2017",VF53048080,Pay,Direct Annual,No,
"Friday, March 3, 2017",VF53040330,Pay,Listbill,No,
"Friday, March 3, 2017",VF53040340,Pay,Listbill,No,
"Monday, March 6, 2017",VF53029790,Pay,Monthly EFT,Yes,
"Monday, March 6, 2017",VF53065060,Pay,Monthly EFT,No,
"Monday, March 6, 2017",VF53043680,Pay,Monthly EFT,Yes,
"Monday, March 6, 2017",VF53045880,Pay,Monthly EFT,Yes,
"Wednesday, March 8, 2017",VF53042260,Pay EFT,Monthly EFT,Yes,
"Thursday, March 16, 2017",VF53065540,Pay,Monthly EFT,No,
"Monday, March 20, 2017",VF53072600,Pay EFT,Monthly EFT,Yes,
"Tuesday, March 21, 2017",VF53063310,Pay,Direct Annual,No,
"Tuesday, March 21, 2017",VF53052020,Pay,Monthly EFT,Yes,
"Tuesday, March 21, 2017",VF53039670,Pay,Monthly EFT,No,
"Tuesday, March 21, 2017",VF53053440,Pay EFT,Monthly EFT,Yes,
"Wednesday, March 22, 2017",VF53051110,Pay,Direct Annual,No,
"Wednesday, March 22, 2017",VF53059780,Pay,Direct Annual,No,
"Wednesday, March 22, 2017",VF53074020,Pay,Monthly EFT,Yes,
"Wednesday, March 22, 2017",VF53043890 ,Pay,Monthly EFT,No,
"Wednesday, March 22, 2017",VF53045300  ,Pay,Monthly EFT,No,
"Thursday, March 23, 2017",VF53060720,Pay,Monthly EFT,Yes,
"Thursday, March 23, 2017",VF53043260,Pay,Direct Annual,No,
"Thursday, March 23, 2017",VF53083270,Pay,Direct Annual,No,
"Thursday, March 23, 2017",VF53073300,Pay,Direct Quarterly,No,
"Thursday, March 23, 2017",VF53060910,Pay,Monthly EFT,Yes,
"Thursday, March 23, 2017",VF53074770,Pay,Direct Annual,No,
"Thursday, March 23, 2017",VF53034360,Pay,Direct Annual,No,
"Thursday, March 23, 2017",VF53083910,Pay EFT,Direct Annual,No,
"Thursday, March 23, 2017",VF53074720,Pay,Monthly EFT,Yes,
"Thursday, March 23, 2017",VF53075250,Pay,Monthly EFT,Yes,
"Thursday, March 23, 2017",VF53079900,Pay,Monthly EFT,Yes,
"Thursday, March 23, 2017",VF53043490,Pay EFT,Monthly EFT,Yes,
"Friday, March 24, 2017",VF53066790,Pay EFT,Monthly EFT,No,
"Friday, March 24, 2017",VF53069550,Pay,Monthly EFT,Yes,
"Friday, March 24, 2017",VF53072370,Pay,Monthly EFT,Yes,
"Friday, March 24, 2017",VF53070810,Pay,Monthly EFT,No,
"Friday, March 24, 2017",VF53072570,Pay,Direct Annual,No,
"Friday, March 24, 2017",VF53053000,Pay,Direct Annual,No,
"Friday, March 24, 2017",VF53063780,Pay,Direct Annual,No,
"Monday, March 27, 2017",VF53077390,Pay,Direct Annual,No,
"Monday, March 27, 2017",VF53066650,Pay,Direct Annual,No,
"Monday, March 27, 2017",VF53077400,Pay,Direct Annual,No,
"Monday, March 27, 2017",VF53056690,Pay,Direct Annual,No,
"Monday, March 27, 2017",VF53068680,Pay,Direct Annual,No,
"Monday, March 27, 2017",VF53068320,Pay,Monthly EFT,Yes,
"Monday, March 27, 2017",VF53049440,Pay,Monthly EFT,Yes,
"Monday, March 27, 2017",VF53075940,Pay,Monthly EFT,Yes,
"Monday, March 27, 2017",VF53069280,Pay,Monthly EFT,Yes,
"Monday, March 27, 2017",VF53083770,Pay EFT,Direct Annual,No,
"Monday, March 27, 2017",VF53083770,Pay EFT,Monthly EFT,Yes,
"Tuesday, March 28, 2017",VF53065850,Pay EFT,Monthly EFT,Yes,
"Wednesday, March 29, 2017",VF53058960,Pay,Direct Annual,No,
"Wednesday, March 29, 2017",VF53075870,Pay,Monthly EFT,No,
"Wednesday, March 29, 2017",VF53065690,Pay,Monthly EFT,Yes,
"Wednesday, March 29, 2017",VF53083330,Pay,Direct Annual,No,
"Thursday, March 30, 2017",VF53063090,Pay EFT,Monthly EFT,Yes,
"Thursday, March 30, 2017",VF52995040,Pay EFT,Monthly EFT,Yes,
"Thursday, March 30, 2017",VF53078980,Pay EFT,Monthly EFT,Yes,
"Thursday, March 30, 2017",VF53061850,Pay EFT,Monthly EFT,Yes,
"Friday, March 31, 2017",VF53062350,Pay,Monthly EFT,No,
"Friday, March 31, 2017",VF53062380,Pay,Direct Annual,No,
"Friday, March 31, 2017",VF53062140,Pay,Direct Annual,No,
"Friday, March 31, 2017",VF53076320,Pay,Monthly EFT,Yes,
"Friday, March 31, 2017",VF53056860,Pay,Monthly EFT,Yes,
"Friday, March 31, 2017",VF53072520,Pay,Monthly EFT,Yes,
"Friday, March 31, 2017",VF53076920,Pay,Monthly EFT,Yes,
"Friday, March 31, 2017",VF53087900,Pay,Direct Quarterly,No,
"Friday, March 31, 2017",VF53039630,Pay EFT,Monthly EFT,Yes,
"Friday, March 31, 2017",VF53053150,Pay EFT,Direct Annual,Yes,
"Friday, March 31, 2017",VF53056950,Pay EFT,Monthly EFT,No,
"Monday, April 3, 2017",VP66277690,Pay,Direct Annual,No,
"Monday, April 3, 2017",VP66284200,Pay,Direct Semi-Annual,No,
"Monday, April 3, 2017",VP66283530,Pay,Direct Annual,No,
"Tuesday, April 4, 2017",VF53060350,Pay EFT,Monthly EFT,Yes,
"Tuesday, April 4, 2017",VP66282090,Pay,Direct Annual,No,
"Tuesday, April 4, 2017",VP71081920,Pay,Direct Annual,No,
"Tuesday, April 4, 2017",VF53063100,Pay,Direct Annual,No,
"Thursday, April 6, 2017",VP66284880,Pay,Direct Annual,No,
"Thursday, April 6, 2017",VP66284710,Pay,Direct Quarterly,No,
"Friday, April 7, 2017",VP66281260,Pay,Direct Annual,No,
"Friday, April 7, 2017",VF53081150,Pay,Monthly EFT,No,
"Friday, April 7, 2017",VF53054080,Pay,Direct Annual,No,
"Friday, April 7, 2017",VF53025640,Pay,Listbill,No,
"Friday, April 7, 2017",VF53021460,Pay,Listbill,No,
"Friday, April 7, 2017",VF53081620,Pay,Monthly EFT,Yes,
"Monday, April 10, 2017",VF53060450,Pay,Monthly EFT,Yes,
"Monday, April 10, 2017",VF53081190,Pay,Direct Annual,No,
"Monday, April 10, 2017",VP66285970,Pay,Direct Quarterly,No,
"Monday, April 10, 2017",VF53075670,Pay,Monthly EFT,Yes,
"Friday, April 14, 2017",VF53081280,Pay,Direct Quarterly,No,
"Friday, April 14, 2017",VF53049610,Pay,Monthly EFT,Yes,
"Friday, April 14, 2017",VF53067660,Pay,Direct Annual,No,
"Monday, April 17, 2017",VP66284440,Pay,Direct Annual,No,
"Monday, April 17, 2017",VF53079360,Pay,Monthly EFT,Yes,
"Monday, April 17, 2017",VF53076310,Pay,Direct Annual,No,
"Tuesday, April 18, 2017",VF53054340,Pay,Direct Annual,No,
"Tuesday, April 18, 2017",VF53084960,Pay,Direct Annual,No,
"Wednesday, April 19, 2017",VP66286630,Pay,Monthly EFT,Yes,
"Wednesday, April 19, 2017",VF53068980,Pay,Direct Annual,No,
"Thursday, April 20, 2017",VF53077000,Pay,Direct Annual,No,
"Thursday, April 20, 2017",VF53095220 ,Pay,Direct Annual,No,
"Thursday, April 20, 2017",VF53095250,Pay,Direct Annual,No,
"Thursday, April 20, 2017",VF53055120,Pay,Listbill,,
"Thursday, April 20, 2017",VF53054730,Pay,Direct Annual,No,
"Thursday, April 20, 2017",VF53097560,Pay,Direct Annual,No,
"Thursday, April 20, 2017",VF53069490,Pay EFT,Monthly EFT,Yes,
"Friday, April 21, 2017",VF53091410,Pay,Direct Annual,No,
"Friday, April 21, 2017",VF53045590,Pay,Monthly EFT,Yes,
"Friday, April 21, 2017",VF53083790,Pay,Monthly EFT,Yes,
"Friday, April 21, 2017",VF53085100,Pay,Monthly EFT,No,
"Wednesday, April 26, 2017",VF53066760,Pay,Direct Annual,No,
"Wednesday, April 26, 2017",VP66285070,Pay,Monthly EFT,No,
"Thursday, April 27, 2017",VF53088780,Pay EFT,Monthly EFT,Yes,
"Friday, April 28, 2017",VF53070390,Pay,Direct Annual,No,
"Friday, April 28, 2017",VF53067860,Pay,Monthly EFT,Yes,
"Monday, May 1, 2017",VF53096490,Pay,Direct Annual,No,
"Tuesday, May 2, 2017",VP66284640,Pay,Direct Annual,No,
"Tuesday, May 2, 2017",VF53066760,Pay,Direct Annual,No,
"Tuesday, May 2, 2017",VF53064600,Pay EFT,Monthly EFT,Yes,
"Wednesday, May 3, 2017",VF53069010,Pay,Direct Annual,No,
"Thursday, May 4, 2017",VF53078780,Pay,Monthly EFT,Yes,
"Thursday, May 4, 2017",VP66290240,Pay,Direct Annual,No,
"Thursday, May 4, 2017",VF53007500,Pay,Direct Annual,No,
"Friday, May 5, 2017",VF53095160,Pay EFT,Monthly EFT,No,
"Wednesday, May 10, 2017",VF53040830,Pay EFT,Monthly EFT,Yes,
"Thursday, May 11, 2017",VF53069300,Pay EFT,Monthly EFT,Yes,
"Friday, May 19, 2017",VF53085910,Pay,Direct Annual,No,
"Friday, May 19, 2017",VF53054300,Pay,Direct Annual,No,
"Friday, May 19, 2017",VF53095060,Pay,Direct Annual,No,
"Friday, May 19, 2017",VF53090460,Pay,Direct Annual,No,
"Friday, May 19, 2017",VF53096170,Pay,Monthly EFT,Yes,
"Friday, May 19, 2017",VF53076780,Pay,Direct Quarterly,No,
"Friday, May 19, 2017",VF53082150,Pay,Monthly EFT,Yes,
"Friday, May 19, 2017",VF53104610,Pay,Direct Annual,No,
"Friday, May 19, 2017",VF53093400,Pay,Monthly EFT,Yes,
"Monday, May 22, 2017",VP66284860,Pay,Direct Annual,No,
"Tuesday, May 23, 2017",VF53098690,Pay,Monthly EFT,Yes,
"Tuesday, May 23, 2017",VF53086790,Pay,Direct Annual,No,
"Tuesday, May 23, 2017",VF53083520,Pay,Listbill,No,
"Tuesday, May 23, 2017",VF53076900,Pay,Monthly EFT,Yes,
"Tuesday, May 23, 2017",VF53104830,Pay,Monthly EFT,Yes,
"Tuesday, May 23, 2017",VF53085530,Pay,Monthly EFT,Yes,
"Friday, May 26, 2017",VF53097060,Pay EFT,Monthly EFT,Yes,
"Tuesday, May 30, 2017",VF53096170,Pay,Monthly EFT,No,
"Tuesday, May 30, 2017",VF53097180,Pay,Monthly EFT,No,
"Tuesday, May 30, 2017",VF53056920,Pay,Direct Annual,No,
"Tuesday, May 30, 2017",VF53096130,Pay,Monthly EFT,No,
"Tuesday, May 30, 2017",VF53096120,Pay,Monthly EFT,No,
"Tuesday, May 30, 2017",VF53074100,Pay,Monthly EFT,No,
"Tuesday, May 30, 2017",VF53096110,Pay,Monthly EFT,No,
"Tuesday, May 30, 2017",VF53079120,Pay,Monthly EFT,No,
"Tuesday, May 30, 2017",VF53100150,Pay,Direct Annual,No,
"Tuesday, May 30, 2017",VF53062820,Pay,Monthly EFT,No,
"Tuesday, May 30, 2017",VF53091140,Pay,Direct Annual,No,
"Wednesday, May 31, 2017",VP66288880,Pay,Direct Annual,No,
"Wednesday, May 31, 2017",VP66288870,Pay,Direct Annual,No,
"Wednesday, May 31, 2017",VP66289250,Pay,Direct Semi-Annual,No,
"Wednesday, May 31, 2017",VP66284210,Pay,Direct Annual,No,
"Wednesday, May 31, 2017",VF53019640,Pay,Direct Annual,No,
"Wednesday, May 31, 2017",VF53099780,Pay,Direct Annual,No,
"Wednesday, May 31, 2017",VF53092050,Pay EFT,Monthly EFT,No,
"Wednesday, May 31, 2017",VF53107470,Pay,Direct Annual,No,
"Friday, June 2, 2017",VF53050160,Pay EFT,Monthly EFT,Yes,
"Monday, June 5, 2017",VF53085190,Pay,Monthly EFT,Yes,
"Monday, June 5, 2017",VF53071500,Pay EFT,Monthly EFT,Yes,
"Tuesday, June 6, 2017",VF53088130,Pay,Direct Annual,No,
"Tuesday, June 6, 2017",VF53068080,Pay,Monthly EFT,Yes,
"Tuesday, June 6, 2017",VF53102560,Pay,Direct Quarterly,No,
"Tuesday, June 6, 2017",VF53102190,Pay,Direct Quarterly,No,
"Tuesday, June 6, 2017",VF53104030,Pay,Direct Annual,No,
"Tuesday, June 6, 2017",VP66280830,Pay,Direct Annual,No,
"Friday, June 9, 2017",VF53101670,Pay,Direct Annual,No,
"Friday, June 9, 2017",VF53091640,Pay,Monthly EFT,Yes,
"Friday, June 9, 2017",VF53102170,Pay,Monthly EFT,Yes,
"Friday, June 9, 2017",VF53109010,Pay,Direct Quarterly,No,
"Friday, June 9, 2017",VF53090400,Pay,Monthly EFT,Yes,
"Friday, June 9, 2017",VF53098180,Pay EFT,Monthly EFT,Yes,
"Tuesday, June 13, 2017",VF53115540,Pay,Monthly EFT,Yes,
"Friday, June 16, 2017",VF53078180,Pay,Monthly EFT,Yes,
"Friday, June 16, 2017",VF53068490,Pay,Direct Annual,No,
"Friday, June 16, 2017",VF53105360,Pay,Direct Annual,No,
"Friday, June 16, 2017",VF53107650,Pay,Monthly EFT,Yes,
"Friday, June 16, 2017",VF53101460,Pay,Direct Annual,No,
"Friday, June 16, 2017",VF53119380,Pay,Monthly EFT,Yes,
"Monday, June 19, 2017",VF53116420,Pay,Direct Quarterly,No,
"Thursday, June 29, 2017",VF53098210,Pay,Monthly EFT,Yes,
"Friday, June 30, 2017",VF53108530,Pay EFT,Monthly EFT,,
"Monday, July 3, 2017",VP66285550,Pay,Direct Annual,No,
"Monday, July 3, 2017",VP66292390,Pay,Monthly EFT,Yes,
"Monday, July 3, 2017",VP66292340,Pay,Direct Annual,No,
"Monday, July 3, 2017",VP66288290,Pay,Direct Annual,No,
"Monday, July 3, 2017",VF53066410,Pay,Monthly EFT,No,
"Monday, July 3, 2017",VF53106040,Pay,Monthly EFT,No,
"Monday, July 3, 2017",VP66295400,Pay,Direct Annual,No,
"Monday, July 3, 2017",VF53105380,Pay,Direct Quarterly,No,
"Monday, July 3, 2017",VF53105760,Pay,Direct Annual,No,
"Monday, July 3, 2017",VF53097790,Pay,Monthly EFT,No,
"Monday, July 3, 2017",VF53097840,Pay,Monthly EFT,No,
"Monday, July 3, 2017",VF53108590,Pay,Direct Quarterly,No,
"Monday, July 3, 2017",VF53131530,Pay,Direct Annual,No,
"Monday, July 3, 2017",VF53093630,Pay,Direct Annual,No,
"Thursday, July 6, 2017",VF53105150,Pay EFT,Monthly EFT,No,
"Thursday, July 6, 2017",VP66288010,Pay,Direct Annual,No,
"Friday, July 7, 2017",VF53105190,Pay EFT,Monthly EFT,No,
"Friday, July 7, 2017",VF53103130,Pay EFT,Monthly EFT,Yes,
"Tuesday, July 11, 2017",VF53101440,Pay,Direct Annual,No,
"Tuesday, July 11, 2017",VF53088150,Pay EFT,Monthly EFT,Yes,
"Thursday, July 13, 2017",VF53062690,Pay,Listbill,No,
"Thursday, July 13, 2017",VF53117910,Pay EFT,Monthly EFT,Yes,
"Friday, July 14, 2017",VF53115330,Pay,Direct Annual,No,
"Friday, July 14, 2017",VF53108820,Pay EFT,Monthly EFT,Yes,
"Thursday, July 20, 2017",VF53085730,Pay,Direct Quarterly,No,
"Friday, July 21, 2017",VF53130650,Pay,Direct annual,No,
"Monday, July 24, 2017",VF53104790,Pay EFT,Direct Annual,Yes,
"Monday, July 24, 2017",VP66295110,Pay,Direct Annual,No,
"Monday, July 24, 2017",VF53138680,Pay,Direct Annual,No,
"Monday, July 24, 2017",VF53098460,Pay,Direct Annual,No,
"Monday, July 24, 2017",VF53125000,Pay,Direct Annual,No,
"Monday, July 24, 2017",VF53126240,Pay,Direct Quarterly,No,
"Monday, July 24, 2017",VF53125650,Pay EFT,Monthly EFT,Yes,
"Monday, July 24, 2017",VF53059750,Pay EFT,Monthly EFT,Yes,
"Monday, July 24, 2017",VF53089610,Pay EFT,Monthly EFT,Yes,
"Monday, July 24, 2017",VF53137390,Pay EFT,Monthly EFT,Yes,
"Tuesday, July 25, 2017",VF53098520,Pay EFT,Monthly EFT,Yes,
"Tuesday, July 25, 2017",VF53131940,Pay EFT,Monthly EFT,Yes,
"Tuesday, July 25, 2017",VF53098920,Pay EFT,Monthly EFT,Yes,
"Tuesday, July 25, 2017",VF53115240,Pay EFT,Monthly EFT,Yes,
"Tuesday, July 25, 2017",VP66278490,Pay EFT,Monthly EFT,Yes,
"Tuesday, July 25, 2017",VF53114630,Pay EFT,Monthly EFT,Yes,
"Wednesday, July 26, 2017",VF53088680,Pay,Direct Annual,No,
"Wednesday, July 26, 2017",VP66298910,Pay EFT,Monthly EFT,Yes,
"Thursday, July 27, 2017",VF53070330,Pay,Direct Quarterly,No,
"Thursday, July 27, 2017",VF53116930,Pay,Direct Annual,No,
"Thursday, July 27, 2017",VF53116950,Pay,Direct Annual,No,
"Thursday, July 27, 2017",VF53120840,Pay,Monthly EFT,No,
"Thursday, July 27, 2017",VF53126900,Pay,Direct Annual,No,
"Thursday, July 27, 2017",VF53104760,Pay,Monthly EFT,Yes,
"Thursday, July 27, 2017",VF53122280,Pay,Direct Annual,No,
"Thursday, July 27, 2017",VF53134050,Pay,Monthly EFT,Yes,
"Thursday, July 27, 2017",VF53085520,Pay,Monthly EFT,Yes,
"Friday, July 28, 2017",VF53077350,Pay,Listbill,No,
"Friday, July 28, 2017",VF53100780,Pay,Direct Annual,No,
"Friday, July 28, 2017",VF53083850,Pay,Direct Annual,No,
"Friday, July 28, 2017",VF53092340,Pay,Direct Annual,No,
"Friday, July 28, 2017",VF53130990,Pay EFT,Monthly EFT,No,
"Friday, July 28, 2017",VF53070040,Pay EFT,Monthly EFT,No,
"Friday, July 28, 2017",VF53127260,Pay EFT,Monthly EFT,No,
"Friday, July 28, 2017",VF53116170,Pay,Monthly EFT,Yes,
"Friday, July 28, 2017",VF53107870,Pay,Monthly EFT,Yes,
"Friday, July 28, 2017",VF53124850,Pay,Direct Annual,No,
"Friday, July 28, 2017",VF53071100,Pay EFT,Monthly EFT,No,
"Monday, July 31, 2017",VP66295880,Pay,Direct Annual,No,
"Monday, July 31, 2017",VP66283840,Pay,Direct Annual,No,
"Monday, July 31, 2017",VF53083190,Pay,Direct Annual,No,
"Monday, July 31, 2017",VF53126680,Pay EFT,Monthly EFT,Yes,
"Monday, July 31, 2017",VF53129620,Pay,Direct Annual,No,
"Tuesday, August 1, 2017",VF53125760,Pay,Direct Annual,No,
"Thursday, August 3, 2017",VF53125760,Pay,Direct Annual,No,
"Thursday, August 3, 2017",VP66297350,Pay,Direct Annual,No,
"Thursday, August 3, 2017",VF53124830,Pay,Direct Annual,No,
"Friday, August 4, 2017",VF53108030,Pay EFT,Monthly EFT,No,
"Friday, August 4, 2017",VP66297260,Pay EFT,Monthly EFT,Yes,
"Friday, August 4, 2017",VF53151570,Pay,Direct Annual,No,
"Monday, August 7, 2017",VF53127280,Pay,Monthly EFT,Yes,
"Monday, August 7, 2017",VF53086100,Pay EFT,Monthly EFT,No,
"Monday, August 7, 2017",VF53076370,Pay EFT,Monthly EFT,Yes,
"Monday, August 7, 2017",VF53135170,Pay,Monthly EFT,Yes,
"Monday, August 7, 2017",VP66295460,Pay EFT,Monthly EFT,No,
"Monday, August 7, 2017",VF53088700,Pay EFT,Monthly EFT,Yes,
"Monday, August 7, 2017",VP66288460,Pay,Direct Quarterly,No,
"Monday, August 7, 2017",VF53130390,Pay,Direct Annual,No,
"Monday, August 7, 2017",VF53119830,Pay EFT,Monthly EFT,Yes,
"Tuesday, August 8, 2017",VF53122170,Pay,Direct Annual,No,
"Tuesday, August 8, 2017",VF53141090,Pay EFT,Monthly EFT,Yes,
"Wednesday, August 9, 2017",VF53088870,Pay,Direct Annual,No,
"Wednesday, August 9, 2017",VF53100610,Pay EFT,Monthly EFT,Yes,
"Thursday, August 10, 2017",VF53076370,Pay EFT,Monthly EFT,Yes,
"Friday, August 11, 2017",VF53133550,Pay EFT,Monthly EFT,No,
"Friday, August 11, 2017",VF53097800,Pay EFT,Monthly EFT,No,
"Friday, August 11, 2017",VF53086140,Pay,Direct Annual,No,
"Tuesday, August 15, 2017",VF53132970,Pay,Direct Annual,No,
"Tuesday, August 15, 2017",VF53097530,Pay,Monthly EFT,Yes,
"Tuesday, August 15, 2017",VF53145680,Pay,Direct Annual,No,
"Tuesday, August 15, 2017",VF53070330,Pay EFT,Monthly EFT,No,
"Wednesday, August 16, 2017",VF53104630,Pay,Direct Annual,No,
"Thursday, August 17, 2017",VF53137910,Pay EFT,Monthly EFT,Yes,
"Thursday, August 17, 2017",VP66293840,Pay,Monthly EFT,No,
"Thursday, August 17, 2017",VF53136080,Pay,Monthly EFT,Yes,
"Friday, August 18, 2017",VF53139810,Pay,Direct Annual,No,
"Friday, August 18, 2017",VF53139690,Pay,Direct Annual,No,
"Friday, August 18, 2017",VF53122220,Pay,Direct Annual,No,
"Friday, August 18, 2017",VF53127280,Pay,Monthly EFT,No,
"Friday, August 18, 2017",VF53082650,Pay,Direct Annual,No,
"Friday, August 18, 2017",VF53108330,Pay,Direct Annual,No,
"Friday, August 18, 2017",VF53030280,Pay,Direct Annual,No,
"Friday, August 18, 2017",VF53132340,Pay,Direct Annual,No,
"Friday, August 18, 2017",VF53132370,Pay,Monthly EFT,Yes,
"Friday, August 18, 2017",VF53132210,Pay EFT,Monthly EFT,Yes,
"Monday, August 21, 2017",VF53134080,Pay,Direct Annual,No,
"Monday, August 21, 2017",VP66291390,Pay,Direct Annual,No,
"Monday, August 21, 2017",VF53101730,Pay EFT,Monthly EFT,Yes,
"Monday, August 21, 2017",VP66295970,Pay,Direct Quarterly,No,
"Monday, August 21, 2017",VP66300720,Pay,Direct Annual,No,
"Monday, August 21, 2017",VF53147330,Pay,Direct Annual,No,
"Monday, August 21, 2017",VF53147340,Pay,Direct Annual,No,
"Monday, August 21, 2017",VF53084420,Pay,Direct Annual,No,
"Monday, August 21, 2017",VF53123600,Pay,Direct Annual,No,
"Monday, August 21, 2017",VP66291970,Pay,Direct Annual,No,
"Monday, August 21, 2017",VP66292880,Pay,Direct Quarterly,No,
"Monday, August 21, 2017",VP66292720,Pay,Direct Annual,No,
"Monday, August 21, 2017",VF53126030,Pay,Direct Quarterly,No,
"Monday, August 21, 2017",VP66296010,Pay,Direct Annual,No,
"Monday, August 21, 2017",VF53126020,Pay EFT,Monthly EFT,Yes,
"Tuesday, August 22, 2017",VP66293050,Pay,Direct Annual,No,
"Tuesday, August 22, 2017",VP66296640,Pay,Direct Quarterly,No,
"Tuesday, August 22, 2017",VP66300420,Pay,Direct Quarterly,No,
"Tuesday, August 22, 2017",VF53140710,Pay EFT,Monthly EFT,Yes,
"Wednesday, August 23, 2017",VF53132260 ,Pay EFT,Monthly EFT,Yes,
"Wednesday, August 23, 2017",VF53125030,Pay EFT,Monthly EFT,Yes,
"Wednesday, August 23, 2017",VF53121450,Pay EFT,Monthly EFT,Yes,
"Wednesday, August 23, 2017",VF53134260,Pay EFT,Monthly EFT,Yes,
"Thursday, August 24, 2017",VF53056790,Pay EFT,Monthly EFT,Yes,
"Thursday, August 24, 2017",VF53100040,Pay,Direct Annual,No,
"Friday, August 25, 2017",VF53108830,Pay EFT,Monthly EFT,No,
"Friday, August 25, 2017",VF53134500,Pay EFT,Direct Annual,No,
"Friday, August 25, 2017",VF53107410,Pay EFT,Monthly EFT,No,
"Friday, August 25, 2017",VF53134390,Pay EFT,Monthly EFT,Yes,
"Friday, August 25, 2017",VF53147530,Pay EFT,Monthly EFT,Yes,
"Friday, August 25, 2017",VF53134900,Pay,Monthly EFT,Yes,
"Friday, August 25, 2017",VF53057080,Pay EFT,Monthly EFT,Yes,
"Friday, August 25, 2017",VF53125540,Pay EFT,Monthly EFT,Yes,
"Monday, August 28, 2017",VF53127260,Pay,Monthly EFT,No,
"Monday, August 28, 2017",VF53125500,Pay,Monthly EFT,No,
"Monday, August 28, 2017",VF53067620,Pay,Direct Annual,No,
"Monday, August 28, 2017",VF53134190,Pay,Direct Annual,No,
"Monday, August 28, 2017",VF53133220,Pay EFT,Monthly EFT,Yes,
"Monday, August 28, 2017",VF53152610,Pay,Direct Annual,No,
"Monday, August 28, 2017",VF53140560,Pay,Direct Annual,No,
"Monday, August 28, 2017",VP66299140,Pay,Direct Annual,No,
"Monday, August 28, 2017",VF53144140,Pay,Direct Quarterly,No,
"Monday, August 28, 2017",VF53140380,Pay,Direct Quarterly,No,
"Monday, August 28, 2017",VF53117260,Pay,Monthly EFT,No,
"Monday, August 28, 2017",VF53141850,Pay,Direct Annual,No,
"Tuesday, August 29, 2017",VF53132050,Pay,Direct Annual,No,
"Tuesday, August 29, 2017",VF53143170,Pay,Direct Annual,No,
"Tuesday, August 29, 2017",VF53136270,Pay,Direct Annual,No,
"Tuesday, August 29, 2017",VF53139270,Pay,Direct Annual,No,
"Tuesday, August 29, 2017",VF53120010,Pay,Monthly EFT,Yes,
"Tuesday, August 29, 2017",VP66288200,Pay,Direct Semi-Annual,No,
"Tuesday, August 29, 2017",VP66302020,Pay,Direct Quarterly,No,
"Tuesday, August 29, 2017",VP66296960,Pay,Direct Annual,No,
"Tuesday, August 29, 2017",VP66279610,Pay,Direct Quarterly,No,
"Tuesday, August 29, 2017",VF53146180,Pay,Monthly EFT,No,
"Wednesday, August 30, 2017",VF53132050,Pay,Direct Annual,No,
"Wednesday, August 30, 2017",VF53077110,Pay,Direct Annual,No,
"Wednesday, August 30, 2017",VF53122770,Pay,Monthly EFT,No,
"Wednesday, August 30, 2017",VF53131210,Pay,Direct Annual,No,
"Wednesday, August 30, 2017",VF53153940,Pay,Monthly EFT,No,
"Wednesday, August 30, 2017",VF53088720,Pay EFT,Monthly EFT,Yes,
"Wednesday, August 30, 2017",VF53097100,Pay EFT,Monthly EFT,Yes,
"Thursday, August 31, 2017",VF53105630,Pay,Monthly EFT,Yes,
"Thursday, August 31, 2017",VF76048140,Pay,Direct Annual,No,
"Thursday, August 31, 2017",VF76048150,Pay,Direct Annual,No,
"Thursday, August 31, 2017",VF53146400,Pay,Monthly EFT,Yes,
"Thursday, August 31, 2017",VF53139000,Pay,Direct Annual,No,
"Thursday, August 31, 2017",VF53143100,Pay,Monthly EFT,Yes,
"Thursday, August 31, 2017",VF53120260,Pay,Direct Annual,No,
"Thursday, August 31, 2017",VF53089650,Pay,Monthly EFT,Yes,
"Thursday, August 31, 2017",VF53152250,Pay,Monthly EFT,Yes,
"Thursday, August 31, 2017",VF53140420,Pay,Direct Annual,No,
"Thursday, August 31, 2017",VF53134710,Pay,Monthly EFT,No,
"Thursday, August 31, 2017",VP66300420,Pay EFT,Monthly EFT,Yes,
"Thursday, August 31, 2017",VP66293800,Pay EFT,Monthly EFT,Yes,
"Friday, September 8, 2017",VF53126270,Pay EFT,Monthly EFT,Yes,
"Friday, September 8, 2017",VP66301160,Pay EFT,Monthly EFT,Yes,
"Friday, September 8, 2017",VF53082050,Pay,Direct Annual,No,
"Friday, September 8, 2017",VF53140110,Pay,Direct Annual,No,
"Friday, September 8, 2017",VF53140120,Pay,Direct Annual,No,
"Friday, September 8, 2017",VP66295900,Pay,Direct Annual,No,
"Friday, September 8, 2017",VF53141100,Pay,Monthly EFT,No,
"Friday, September 8, 2017",VF53139010,Pay,Direct Annual,No,
"Monday, September 11, 2017",VF53146170,Pay,Monthly EFT,No,
"Monday, September 11, 2017",VF53107890,Pay,Direct Annual,No,
"Monday, September 11, 2017",VF53119080,Pay EFT,Monthly EFT,Yes,
"Monday, September 11, 2017",VF53142380,Pay,Direct Annual,Yes,
"Tuesday, September 12, 2017",VF53121980,Pay EFT,Monthly EFT,No,
"Friday, September 15, 2017",VF53140540,Pay,Direct Annual,No,
"Friday, September 15, 2017",VF53116780,Pay,Direct Quarterly,No,
"Thursday, September 21, 2017",VF53147110,Pay,Direct Annual,No,
"Thursday, September 21, 2017",VP66294760,Pay,Direct Annual,No,
"Thursday, September 21, 2017",VF53140780,Pay,Monthly EFT,Yes,
"Thursday, September 21, 2017",VP66300200,Pay,Direct Quarterly,No,
"Thursday, September 21, 2017",VP66300320,Pay,Direct Annual,No,
"Thursday, September 21, 2017",VF53152060,Pay,Direct Annual,No,
"Friday, September 22, 2017",VF53161100,Pay,Direct Annual,No,
"Monday, September 25, 2017",VF53146300,Pay,Monthly EFT,Yes,
"Monday, September 25, 2017",VF53096680,Pay,Direct Annual,No,
"Monday, September 25, 2017",VF53139320,Pay,Direct Annual,No,
"Tuesday, September 26, 2017",VF53130000,Pay,Monthly EFT,Yes,
"Thursday, September 28, 2017",VF53128540,Pay EFT,Monthly EFT,Yes,
"Thursday, September 28, 2017",VF53141630,Pay,Direct Quarterly,No,
"Friday, September 29, 2017",VF53091010,Pay EFT,Direct Quarterly,Yes,
"Friday, September 29, 2017",VF53133660,Pay EFT,Monthly EFT,Yes,
"Friday, September 29, 2017",VF53132670,Pay EFT,Monthly EFT,Yes,
"Friday, September 29, 2017",VF53137960,Pay EFT,Monthly EFT,Yes,
"Friday, September 29, 2017",VF53157010,Pay EFT,Monthly EFT,Yes,
"Monday, October 2, 2017",VF53133650,Pay,Direct Annual,No,
"Tuesday, October 3, 2017",VP66290060,Pay,Direct Quarterly,No,
"Tuesday, October 3, 2017",VF53094010,Pay,Direct Annual,No,
"Thursday, October 5, 2017",VF53141460,Pay EFT,Monthly EFT,Yes,
"Thursday, October 5, 2017",VP66301530,Pay,Direct Annual,No,
"Friday, October 6, 2017",VF53101040,Pay,Direct Annual,No,
"Friday, October 6, 2017",VF53078580,Pay,Direct Annual,No,
"Friday, October 6, 2017",VF53078560,Pay,Direct Annual,No,
"Friday, October 6, 2017",VF53078570,Pay,Direct Annual,No,
"Friday, October 6, 2017",VF53143130,Pay EFT,Monthly EFT,Yes,
"Friday, October 6, 2017",VF53137640,Pay,Direct Annual,No,
"Friday, October 6, 2017",VF53152680,Pay,Direct Annual,No,
"Friday, October 6, 2017",VF53153640,Pay,Direct Annual,No,
"Friday, October 6, 2017",VF53145890,Pay,Direct Annual,No,
"Friday, October 6, 2017",VF53175460,Pay,Direct Annual,No,
"Friday, October 6, 2017",VF53152940,Pay,Direct Annual,No,
"Friday, October 6, 2017",VF53145250,Pay,Monthly EFT,Yes,
"Friday, October 6, 2017",VF53101040,Pay,Direct Annual,No,
"Friday, October 6, 2017",VP66290430,Pay,Direct Annual,No,
"Friday, October 6, 2017",VF53139610,Pay,Direct Annual,No,
"Friday, October 6, 2017",VF53120430,Pay,Monthly EFT,Yes,
"Friday, October 6, 2017",VF53167820,Pay,Monthly EFT,Yes,
"Thursday, October 12, 2017",VF53147240,Pay EFT,Monthly EFT,Yes,
"Monday, October 16, 2017",VF53165180,Pay,Direct Annual,No,
"Monday, October 16, 2017",VF53165190,Pay,Direct Annual,No,
"Monday, October 16, 2017",VF53159100,Pay,Direct Annual,No,
"Monday, October 16, 2017",VF53153440,Pay,Direct Annual,No,
"Monday, October 16, 2017",VF53140780,Pay,Direct Annual,No,
"Monday, October 16, 2017",VF53136540,Pay EFT,Monthly EFT,Yes,
"Monday, October 16, 2017",VF53123300,Pay EFT,Monthly EFT,Yes,
"Monday, October 16, 2017",VF53163260,Pay EFT,Monthly EFT,Yes,
"Tuesday, October 17, 2017",VF53126310,Pay,Direct Annual,No,
"Tuesday, October 17, 2017",VP66299100,Pay,Direct Annual,No,
"Wednesday, October 18, 2017",VF53121850,Pay EFT,Monthly EFT,Yes,
"Wednesday, October 18, 2017",VP66295500,Pay,Direct Annual,No,
"Wednesday, October 18, 2017",VF53158040,Pay,Direct Annual,No,
"Thursday, October 19, 2017",VF53150100,Pay,Direct Annual,No,
"Thursday, October 19, 2017",VF53170840,Pay,Monthly EFT,Yes,
"Thursday, October 19, 2017",VF53147060,Pay,Direct Annual,No,
"Friday, October 20, 2017",VF53094080,Pay,Direct Annual,No,
"Friday, October 20, 2017",VP66300810,Pay,Direct Annual,No,
"Friday, October 20, 2017",VF53114350,Pay,Direct Quarterly,No,
"Monday, October 23, 2017",VF53124700,Pay,Direct Annual,No,
"Monday, October 23, 2017",VF53125880,Pay,Direct Annual,No,
"Monday, October 23, 2017",VF53072380,Pay,Direct Annual,No,
"Monday, October 23, 2017",VF53072410,Pay,Direct Annual,No,
"Monday, October 23, 2017",VF53072490,Pay,Direct Annual,No,
"Monday, October 23, 2017",VF53072430,Pay,Direct Annual,No,
"Monday, October 23, 2017",VF53171410,Pay,Direct Annual,No,
"Monday, October 23, 2017",VF76048260,Pay EFT,Monthly EFT,No,
"Monday, October 23, 2017",VF53116290,Pay EFT,Monthly EFT,No,
"Monday, October 23, 2017",VF53125510,Pay EFT,Monthly EFT,Yes,
"Monday, October 23, 2017",VF53128200,Pay EFT,Monthly EFT,No,
"Monday, October 23, 2017",VF53136700,Pay EFT,Monthly EFT,No,
"Monday, October 23, 2017",VF53134120,Pay EFT,Monthly EFT,Yes,
"Monday, October 23, 2017",VF53141760,Pay EFT,Monthly EFT,Yes,
"Tuesday, October 24, 2017",VF53155390,Pay EFT,Monthly EFT,Yes,
"Tuesday, October 24, 2017",VF53156620,Pay EFT,Monthly EFT,Yes,
"Tuesday, October 24, 2017",VF53169430,Pay,Direct Annual,No,
"Tuesday, October 24, 2017",VP66301030,Pay,Direct Annual,No,
"Tuesday, October 24, 2017",VF53164540,Pay EFT,Monthly EFT,Yes,
"Friday, October 27, 2017",VF53149220,Pay,Direct Annual,No,
"Friday, October 27, 2017",VF53078390,Pay,Direct Annual,No,
"Friday, October 27, 2017",VF53170360,Pay,Direct Quarterly,No,
"Tuesday, October 31, 2017",VP66303080,Pay,Direct Annual,No,
"Tuesday, October 31, 2017",VF53148900,Pay,Direct Annual,No,
"Tuesday, October 31, 2017",VF53180040,Pay,Direct Annual,No,
"Tuesday, October 31, 2017",VP66299130,Pay,Direct Quarterly,No,
"Tuesday, October 31, 2017",VP66298860,Pay,Direct Annual,No,
"Tuesday, October 31, 2017",VF53129180,Pay,Direct Annual,No,
"Wednesday, November 1, 2017",VF53172620,Pay,Monthly EFT,Yes,
"Thursday, November 2, 2017",VF53148780,Pay,Direct Quarterly,No,
"Thursday, November 2, 2017",VF53169410,Pay,Direct Annual,No,
"Friday, November 3, 2017",VF53147250,Pay,Monthly EFT,Yes,
"Friday, November 3, 2017",VF53150920,Pay,Direct Annual,No,
"Friday, November 3, 2017",VF53155440,Pay EFT,Direct Annual,No,
"Monday, November 6, 2017",VF53196480,Pay,Direct Annual,No,
"Monday, November 6, 2017",VF53196490,Pay,Direct Annual,No,
"Monday, November 6, 2017",VP66300680,Pay,Direct Quarterly,No,
"Monday, November 6, 2017",VF53139530,Pay,Direct Annual,No,
"Monday, November 6, 2017",VF53094280,Pay,Direct Annual,No,
"Monday, November 6, 2017",VP66309000,Pay,Direct Annual,No,
"Tuesday, November 7, 2017",VF53196480,Pay,Direct Annual,No,
"Tuesday, November 7, 2017",VF53196490,Pay,Direct Annual,No,
"Tuesday, November 7, 2017",VF53128840,Pay,Direct Annual,No,
"Tuesday, November 7, 2017",VP66303070,Pay,Direct Annual,No,
"Wednesday, November 8, 2017",VF53137990,Pay EFT,Monthly EFT,No,
"Wednesday, November 8, 2017",VF53125370,Pay,Direct Annual,No,
"Friday, November 10, 2017",VF53144950,Pay,Direct Annual,No,
"Friday, November 10, 2017",VF53169080,Pay EFT,Monthly EFT,Yes,
"Friday, November 10, 2017",VF53153420,Pay,Direct Quarterly,No,
"Friday, November 10, 2017",VF53146830,Pay,Direct Quarterly,No,
"Friday, November 10, 2017",VF53164470,Pay EFT,Monthly EFT,Yes,
"Wednesday, November 15, 2017",VF53087210,Pay,Direct Annual,No,
"Wednesday, November 15, 2017",VP66304830,Pay EFT,Monthly EFT,Yes,
"Wednesday, November 15, 2017",VP71083030,Pay,Direct Annual,No,
"Thursday, November 16, 2017",VF53174620,Pay EFT,Monthly EFT,No,
"Thursday, November 16, 2017",VF53199570,Pay,Direct Annual,No,
"Thursday, November 16, 2017",VP66299940,Pay,Direct Quarterly,No,
"Thursday, November 16, 2017",VF53153250,Pay,Direct Quarterly,No,
"Friday, November 17, 2017",VF53163250,Pay,Monthly EFT,Yes,
"Friday, November 17, 2017",VF53195320,Pay,Direct Annual,No,
"Friday, November 17, 2017",VF53140170,Pay EFT,Monthly EFT,Yes,
"Friday, November 17, 2017",VP66312470,Pay EFT,Monthly EFT,No,
"Friday, November 17, 2017",VP66299530,Pay EFT,Direct Annual,No,
"Friday, November 17, 2017",VP71081980,Pay EFT,Monthly EFT,Yes,
"Monday, November 20, 2017",VP66308130,Pay EFT,Monthly EFT,Yes,
"Monday, November 20, 2017",VF53137650,Pay EFT,Direct Annual,Yes,
"Monday, November 20, 2017",VF53180140,Pay,Direct Quarterly,No,
"Tuesday, November 21, 2017",VF53149320,Pay,Monthly EFT,Yes,
"Tuesday, November 21, 2017",VF53163940,Pay EFT,Monthly EFT,Yes,
"Tuesday, November 21, 2017",VF53176550,Pay EFT,Monthly EFT,Yes,
"Tuesday, November 21, 2017",VP66303290,Pay,Direct Annual,No,
"Wednesday, November 22, 2017",VF53188640,Pay,Listbill,No,
"Wednesday, November 22, 2017",VF53103640,Pay,Monthly EFT,No,
"Wednesday, November 22, 2017",VF53150810,Pay,Direct Annual,No,
"Wednesday, November 22, 2017",VF53169750,Pay,Direct Annual,No,
"Wednesday, November 22, 2017",VF53166050,Pay,Direct Annual,No,
"Wednesday, November 22, 2017",VF53136870,Pay,Direct Annual,No,
"Wednesday, November 22, 2017",VF53197860,Pay EFT,Direct Annual,No,
"Wednesday, November 22, 2017",VF53197210,Pay EFT,Monthly EFT,Yes,
"Wednesday, November 22, 2017",VF53143030,Pay EFT,Direct Semi-Annual,No,
"Monday, November 27, 2017",VF53104500,Pay,Monthly EFT,Yes,
"Monday, November 27, 2017",VF53158560,Pay EFT,Monthly EFT,Yes,
"Tuesday, November 28, 2017",VF53164760,Pay,Monthly EFT,No,
"Thursday, November 30, 2017",VF53125830,Pay,Direct Quarterly,No,
"Thursday, November 30, 2017",VF53166090,Pay,Direct Quarterly,No,
"Thursday, November 30, 2017",VF53147390,Pay EFT,Monthly EFT,No,
"Thursday, November 30, 2017",VF53197080,Pay EFT,Monthly EFT,No,
"Friday, December 1, 2017",VF53170490,Pay,Monthly EFT,No,
"Friday, December 1, 2017",VF53177520,Pay,Monthly EFT,Yes,
"Wednesday, December 6, 2017",VF53165760,Pay,Direct Annual,No,
"Wednesday, December 6, 2017",VF53154630,Pay,Direct Annual,No,
"Wednesday, December 6, 2017",VP66299650,Pay,Direct Annual,No,
"Wednesday, December 6, 2017",VP66313640,Pay,Direct Annual,No,
"Thursday, December 7, 2017",VF53142890,Pay EFT,Monthly EFT,Yes,
"Thursday, December 7, 2017",VF53159630,Pay,Monthly EFT,No,
"Friday, December 8, 2017",VF53180940,Pay,Direct Annual,No,
"Friday, December 8, 2017",VP66305610,Pay EFT,Monthly EFT,Yes,
"Monday, December 11, 2017",VF53164720,Pay,Direct Annual,No,
"Monday, December 11, 2017",VF53130950,Pay,Direct Annual,No,
"Monday, December 11, 2017",VF53180500,Pay,Direct Annual,No,
"Monday, December 11, 2017",VF53172110,Pay,Listbill,No,
"Monday, December 11, 2017",VF53166640,Pay,Direct Annual,No,
"Monday, December 11, 2017",VF53163820,Pay,Direct Annual,No,
"Tuesday, December 12, 2017",VF53207670,Pay,Direct Annual,No,
"Wednesday, December 13, 2017",VP66306760,Pay,Direct Annual,No,
"Wednesday, December 13, 2017",VF53146890,Pay,Direct Annual,No,
"Wednesday, December 13, 2017",VP66305880,Pay,Direct Annual,No,
"Wednesday, December 13, 2017",VF53128190,Pay EFT,Monthly EFT,No,
"Wednesday, December 13, 2017",VP66300060,Pay EFT,Monthly EFT,Yes,
"Thursday, December 14, 2017",VF53183780,Pay,Monthly EFT,No,
"Thursday, December 14, 2017",VF53131400,Pay,Direct Annual,No,
"Thursday, December 14, 2017",VF53183750,Pay,Direct Annual,No,
"Thursday, December 14, 2017",VF53149150,Pay,Direct Annual,No,
"Thursday, December 14, 2017",VF53175510,Pay,Direct Annual,No,
"Thursday, December 14, 2017",VF53175520,Pay,Direct Annual,No,
"Friday, December 15, 2017",VF53180150,Pay EFT,Direct Annual,No,
"Friday, December 15, 2017",VF53213390,Pay,Direct Annual,No,
"Friday, December 15, 2017",VF53209520,Pay,Direct Annual,No,
"Friday, December 15, 2017",VF53153250,Pay,Direct Annual,No,
"Friday, December 15, 2017",VF53159870,Pay,Direct Annual,No,
"Friday, December 15, 2017",VF53164090,Pay,Direct Annual,No,
"Friday, December 15, 2017",VF53165960 ,Pay,Monthly EFT,No,
"Friday, December 15, 2017",VP66299370,Pay,Direct Annual,No,
"Monday, December 18, 2017",VF53191180,Pay,Direct Annual,No,
"Monday, December 18, 2017",VF53160880,Pay,Direct Annual,No,
"Monday, December 18, 2017",VF53147850,Pay,Direct Annual,No,
"Monday, December 18, 2017",VF53158990,Pay,Direct Annual,No,
"Monday, December 18, 2017",VF53132980,Pay EFT,Monthly EFT,Yes,
"Monday, December 18, 2017",VF53164770,Pay,Monthly EFT,No,
"Monday, December 18, 2017",VF53164750,Pay,Monthly EFT,No,
"Monday, December 18, 2017",VF53214760,Pay,Direct Annual,No,
"Monday, December 18, 2017",VP66308250,Pay,Direct Annual,No,
"Tuesday, December 19, 2017",VF53127660,Pay,Direct Annual,No,
"Tuesday, December 19, 2017",VF53174510,Pay,Direct Annual,No,
"Tuesday, December 19, 2017",VF53202650,Pay,Direct Annual,No,
"Tuesday, December 19, 2017",VP66310850,Pay,Direct Quarterly,No,
"Tuesday, December 19, 2017",VF53204400,Pay,Monthly EFT,No,
"Tuesday, December 19, 2017",VF53196130 ,Pay,Direct Annual,No,
"Friday, December 22, 2017",VF53163420,Pay,Direct Annual,No,
"Friday, December 22, 2017",VP66306920,Pay,Monthly EFT,Yes,
"Friday, December 22, 2017",VF53213010,Pay,Direct Annual,No,
"Friday, December 22, 2017",VF53171850,Pay,Direct Annual,No,
"Friday, December 22, 2017",VP66302320,Pay,Direct Quarterly,No,
"Friday, December 22, 2017",VP66299740,Pay,Monthly EFT,Yes,
"Friday, December 22, 2017",VF53201530,Pay,Direct Annual,No,
"Tuesday, December 26, 2017",VF53127160,Pay,Direct Annual,No,
"Tuesday, December 26, 2017",VF53149320,Pay EFT,Direct Annual,Yes,
"Tuesday, December 26, 2017",VP66303950,Pay EFT,Monthly EFT,No,
"Tuesday, December 26, 2017",VF53212000,Pay,Direct Annual,No,
"Tuesday, December 26, 2017",VF53145240,Pay,Direct Annual,No,
"Tuesday, December 26, 2017",VF53195940,Pay,Direct Annual,No,
"Tuesday, December 26, 2017",VF53198360,Pay,Direct Quarterly,No,
"Tuesday, December 26, 2017",VP66315990,Pay,Direct Annual,No,
"Tuesday, December 26, 2017",VF53198360,Pay,Direct Quarterly,No,
"Tuesday, December 26, 2017",VF53172710,Pay,Direct Annual,No,
"Tuesday, December 26, 2017",VF53106400,Pay,Direct Quarterly,No,
"Tuesday, December 26, 2017",VF53204310,Pay,Direct Annual,No,
"Tuesday, December 26, 2017",VF53127160,Pay,Direct Annual,No,
"Wednesday, December 27, 2017",VP66299950,Pay,Direct Annual,No,
"Wednesday, December 27, 2017",VP66306080,Pay,Direct Annual,No,
"Thursday, December 28, 2017",VF53188580,Pay,Direct Annual,No,
"Thursday, December 28, 2017",VF53202460,Pay,Direct Annual,No,
"Thursday, December 28, 2017",VF53142830,Pay,Direct Annual,No,
"Thursday, December 28, 2017",VF53213290,Pay,Monthly EFT,No,
"Thursday, December 28, 2017",VF53189030,Pay,Direct Annual,No,
"Thursday, December 28, 2017",VF53200490,Pay,Direct Annual,No,
"Thursday, December 28, 2017",VF53211660,Pay,Direct Annual,No,
"Thursday, December 28, 2017",VF53208520,Pay,Monthly EFT,Yes,
"Thursday, December 28, 2017",VF53169570,Pay,Direct Annual,No,
"Thursday, December 28, 2017",VF53217350,Pay,Direct Annual,No,
"Thursday, December 28, 2017",VF53208060,Pay,Listbill,No,
"Thursday, December 28, 2017",VF53216220,Pay EFT,Monthly EFT,No,
"Thursday, December 28, 2017",VF53183890,Pay EFT,Monthly EFT,Yes,
"Friday, December 29, 2017",VF53191570,Pay EFT,Direct Annual,No,
"Friday, December 29, 2017",VF53191580,Pay EFT,Direct Annual,No,
"Tuesday, January 2, 2018",VF53127160,Pay,Direct Annual,No,
"Wednesday, January 3, 2018",VF53169240,Pay,Monthly EFT,Yes,
"Wednesday, January 3, 2018",VP66307500,Pay EFT,Monthly EFT,Yes,
"Wednesday, January 3, 2018",VF53151910,Pay EFT,Monthly EFT,Yes,
"Thursday, January 4, 2018",VF53188520,Pay,Monthly EFT,No,
"Friday, January 5, 2018",VF53198850,Pay,Direct Annual,No,
"Friday, January 5, 2018",VF53203750,Pay,Monthly EFT,Yes,
"Monday, January 8, 2018",VF53190750,Pay,Direct Annual,No,
"Monday, January 8, 2018",VF53213310,Pay,Direct Annual,No,
"Monday, January 8, 2018",VF53147800,Pay,Direct Annual,No,
"Monday, January 8, 2018",VF53214030,Pay,Direct Annual,No,
"Monday, January 8, 2018",VF53206970,Pay,Direct Annual,No,
"Monday, January 8, 2018",VF53195300,Pay,Direct Annual,No,
"Monday, January 8, 2018",VF53195310,Pay,Direct Annual,No,
"Monday, January 8, 2018",VF53168450,Pay,Monthly EFT,No,
"Monday, January 8, 2018",VF53203070,Pay,Direct Annual,No,
"Monday, January 8, 2018",VP66312960,Pay,Direct Annual,No,
"Monday, January 8, 2018",VF53173920,Pay,Direct Annual,No,
"Monday, January 8, 2018",VP66307910,Pay,Direct Annual,No,
"Monday, January 8, 2018",VF53164440,Pay,Direct Annual,No,
"Monday, January 8, 2018",VP66310060,Pay,Monthly EFT,Yes,
"Tuesday, January 9, 2018",VF53180440,Pay,Direct Annual,No,
"Tuesday, January 9, 2018",VF53205000,Pay,Direct Annual,Yes,
"Tuesday, January 9, 2018",VF53208310,Pay,Direct Annual,No,
"Tuesday, January 9, 2018",VF53201280,Pay,Direct Annual,No,
"Tuesday, January 9, 2018",VF53204080,Pay,Direct Annual,No,
"Tuesday, January 9, 2018",VF53198710,Pay,Direct Quarterly,No,
"Thursday, January 11, 2018",VF53174180,Pay EFT,Direct Annual,No,
"Thursday, January 11, 2018",VF53194100,Pay,Monthly EFT,No,
"Thursday, January 11, 2018",VF53167640,Pay,Monthly EFT,Yes,
"Thursday, January 11, 2018",VF53192460,Pay,Monthly EFT,Yes,
"Thursday, January 11, 2018",VF53200390,Pay,Direct Annual,No,
"Thursday, January 11, 2018",VF53200980,Pay EFT,Monthly EFT,Yes,
"Thursday, January 11, 2018",VF53212340,Pay,Direct Annual,No,
"Thursday, January 11, 2018",VF53191450,Pay,Monthly EFT,No,
"Thursday, January 11, 2018",VF53212350,Pay,Direct Annual,No,
"Thursday, January 11, 2018",VF53200720,Pay,Direct Quarterly,No,
"Thursday, January 11, 2018",VF53161240,Pay,Direct Annual,No,
"Thursday, January 11, 2018",VF53217600,Pay,Monthly EFT,No,
"Thursday, January 11, 2018",VP66305030,Pay,Direct Annual,No,
"Thursday, January 11, 2018",VF53223050,Pay,Direct Annual,No,
"Thursday, January 11, 2018",VF53211060,Pay,Monthly EFT,No,
"Thursday, January 11, 2018",VF53169170,Pay,Monthly EFT,Yes,
"Tuesday, January 16, 2018",VF53170580,Pay,Monthly EFT,Yes,
"Tuesday, January 16, 2018",VF53214280,Pay,Direct Annual,No,
"Tuesday, January 16, 2018",VF53191350,Pay,Direct Annual,No,
"Tuesday, January 16, 2018",VF53193690,Pay,Direct Annual,No,
"Tuesday, January 16, 2018",VF53193720,Pay,Direct Annual,No,
"Tuesday, January 16, 2018",VF53153710,Pay,Direct Quarterly,No,
"Tuesday, January 16, 2018",VP66294030,Pay,Direct Annual,No,
"Tuesday, January 16, 2018",VP66307430,Pay,Direct Annual,No,
"Tuesday, January 16, 2018",VF53117330,Pay,Monthly EFT,No,
"Tuesday, January 16, 2018",VF53167660,Pay,Monthly EFT,No,
"Tuesday, January 16, 2018",VF53219520,Pay EFT,Monthly EFT,Yes,
"Tuesday, January 16, 2018",VF53171020,Pay EFT,Monthly EFT,Yes,
"Tuesday, January 16, 2018",VP66304110,Pay EFT,Direct Annual,No,
"Tuesday, January 16, 2018",VP66313890,Pay EFT,Monthly EFT,No,
"Wednesday, January 17, 2018",VF53162860,Pay,Monthly EFT,No,
"Wednesday, January 17, 2018",VP66292680,Pay,Direct Annual,No,
"Thursday, January 18, 2018",VF53174200,Pay,Direct Quarterly,No,
"Thursday, January 18, 2018",VP66305980,Pay,Direct Annual,No,
"Friday, January 19, 2018",VF53171740,Pay,Direct Annual,No,
"Friday, January 19, 2018",VF53222700,Pay,Direct Annual,No,
"Friday, January 19, 2018",VF53180160,Pay,Direct Annual,No,
"Friday, January 19, 2018",VF53205350,Pay,Direct Annual,No,
"Friday, January 19, 2018",VF53186800,Pay,Direct Annual,No,
"Friday, January 19, 2018",VF53219850,Pay,Direct Annual,No,
"Friday, January 19, 2018",VF53166100,Pay,Monthly EFT,Yes,
"Tuesday, January 23, 2018",VF53211640,Pay,Monthly EFT,Yes,
"Tuesday, January 23, 2018",VF53170900,Pay EFT,Monthly EFT,Yes,
"Tuesday, January 23, 2018",VF53172030,Pay EFT,Monthly EFT,Yes,
"Tuesday, January 23, 2018",VF53191450,Pay EFT,Monthly EFT,Yes,
"Tuesday, January 23, 2018",VF53157530,Pay,Direct Annual,No,
"Tuesday, January 23, 2018",VF53163100,Pay EFT,Monthly EFT,Yes,
"Tuesday, January 23, 2018",VF53188520,Pay,Listbill,No,
"Wednesday, January 24, 2018",VF53171250,Pay,Direct Annual,No,
"Wednesday, January 24, 2018",VF53197910,Pay,Direct Annual,No,
"Wednesday, January 24, 2018",VF53170500,Pay,Direct Annual,No,
"Wednesday, January 24, 2018",VF53186520,Pay,Direct Annual,No,
"Friday, January 26, 2018",VF53204260,Pay EFT,Monthly EFT,Yes,
"Monday, January 29, 2018",VF53209830,Pay,Direct Quarterly,No,
"Monday, January 29, 2018",VF53173860,Pay,Monthly EFT,No,
"Monday, January 29, 2018",VF53127160,Pay,Direct Annual,No,
"Monday, January 29, 2018",VP66317050,Pay,Monthly EFT,No,
"Monday, January 29, 2018",VF53164520,Pay,Direct Annual,No,
"Monday, January 29, 2018",VF53177710,Pay,Monthly EFT,No,
"Monday, January 29, 2018",VF53191290,Pay,Monthly EFT,No,
"Monday, January 29, 2018",VF53155880,Pay,Monthly EFT,No,
"Monday, January 29, 2018",VF53145310,Pay EFT,Monthly EFT,Yes,
"Monday, January 29, 2018",VF53165400,Pay EFT,Monthly EFT,Yes,
"Monday, February 5, 2018",VF53200960,Pay,Direct Annual,No,
"Monday, February 5, 2018",VF53193820,Pay,Direct Annual,No,
"Monday, February 5, 2018",VF53190760,Pay,Direct Annual,No,
"Monday, February 5, 2018",VF53175360,Pay,Direct Annual,No,
"Monday, February 5, 2018",VF53145220,Pay EFT,Monthly EFT,Yes,
"Monday, February 5, 2018",VF53223540,Pay,Direct Annual,No,
"Monday, February 5, 2018",VP66293770,Pay,Direct Annual,No,
"Monday, February 5, 2018",VP66306100,Pay,Direct Annual,No,
"Monday, February 5, 2018",VF53169800,Pay,Monthly EFT,No,
"Monday, February 5, 2018",VF53223140,Pay,Direct Annual,No,
"Monday, February 5, 2018",VF53167980,Pay,Direct Annual,No,
"Monday, February 5, 2018",VF53193710,Pay,Direct Annual,No,
"Monday, February 5, 2018",VF53201390,Pay,Direct Annual,No,
"Monday, February 5, 2018",VF53222880,Pay EFT,Monthly EFT,Yes,
"Monday, February 5, 2018",VF53206550,Pay,Direct Quarterly,No,
"Tuesday, February 6, 2018",VF53206540,Pay,Direct Quarterly,No,
"Wednesday, February 7, 2018",VF53148970,Pay EFT,Direct Annual,No,
"Wednesday, February 7, 2018",VF53158970,Pay EFT,Direct Annual,No,
"Wednesday, February 7, 2018",VF53161470,Pay EFT,Monthly EFT,Yes,
"Wednesday, February 7, 2018",VF53173580,Pay,Direct Quarterly,No,
"Wednesday, February 7, 2018",VF53138200,Pay,Direct Annual,No,
"Wednesday, February 7, 2018",VF53174030,Pay,Direct Quarterly,No,
"Wednesday, February 7, 2018",VF53215100,Pay,Direct Annual,No,
"Wednesday, February 7, 2018",VF53215090,Pay,Direct Annual,No,
"Wednesday, February 7, 2018",VF53192710,Pay,Direct Annual,No,
"Wednesday, February 7, 2018",VF53168640,Pay,Direct Annual,No,
"Wednesday, February 7, 2018",VF53206660,Pay,Direct Annual,No,
"Wednesday, February 7, 2018",VF53206860,Pay,Direct Annual,No,
"Wednesday, February 7, 2018",VF53204630,Pay,Direct Annual,No,
"Thursday, February 8, 2018",VF53168640,Pay,Direct Annual,No,
"Monday, February 12, 2018",VF53168650,Pay,Direct Annual,No,
"Monday, February 12, 2018",VF53230350,Pay,Direct Annual,No,
"Monday, February 12, 2018",VF53218230,Pay,Direct Quarterly,No,
"Monday, February 12, 2018",VF53204330,Pay,Direct Annual,No,
"Monday, February 12, 2018",VF53235780,Pay,Direct Annual,No,
"Monday, February 12, 2018",VF53209870,Pay EFT,Monthly EFT,Yes,
"Monday, February 12, 2018",VF53163480,Pay,Monthly EFT,Yes,
"Monday, February 12, 2018",VF53224790,Pay,Monthly EFT,No,
"Monday, February 12, 2018",VF53169030,Pay EFT,Monthly EFT,Yes,
"Monday, February 12, 2018",VF53172170,Pay EFT,Monthly EFT,No,
"Tuesday, February 13, 2018",VP66308350,Pay,Direct Annual,No,
"Tuesday, February 13, 2018",VF53210800,Pay,Direct Annual,Yes,
"Wednesday, February 14, 2018",VF53165770,Pay,Direct Annual,No,
"Wednesday, February 14, 2018",VF53184950,Pay,Direct Semi-Annual,,
"Wednesday, February 14, 2018",VF53237990,Pay,Direct Annual,No,
"Wednesday, February 14, 2018",VF53235630,Pay,Listbill,No,
"Wednesday, February 14, 2018",VF53165870,Pay EFT,Monthly EFT,Yes,
"Wednesday, February 14, 2018",VF53235600,Pay,Listbill,No,
"Wednesday, February 14, 2018",VP66304950,Pay,Direct Annual,No,
"Wednesday, February 14, 2018",VF53219400,Pay,Direct Annual,No,
"Wednesday, February 14, 2018",VF53241850,Pay,Listbill,No,
"Thursday, February 15, 2018",VF53209100,Pay EFT,Monthly EFT,Yes,
"Thursday, February 15, 2018",VF53191730,Pay EFT,Monthly EFT,Yes,
"Thursday, February 15, 2018",VF53191680,Pay EFT,Monthly EFT,Yes,
"Thursday, February 15, 2018",VF53198050,Pay EFT,Direct Annual,Yes,
"Thursday, February 15, 2018",VF53152010,Pay EFT,Monthly EFT,Yes,
"Thursday, February 15, 2018",VP66316610,Pay,Direct Annual,No,
"Thursday, February 15, 2018",VF53163740,Pay,Direct Annual,No,
"Thursday, February 15, 2018",VF53163730,Pay,Direct Annual,No,
"Thursday, February 15, 2018",VF53156060,Pay EFT,Monthly EFT,Yes,
"Thursday, February 15, 2018",VF53217060,Pay,Direct Annual,No,
"Thursday, February 15, 2018",VF53217050,Pay,Direct Annual,No,
"Thursday, February 15, 2018",VF53222240,Pay,Direct Annual,No,
"Thursday, February 15, 2018",VF53163720,Pay,Direct Annual,No,
"Thursday, February 15, 2018",VF53161770,Pay EFT,Monthly EFT,Yes,
"Thursday, February 15, 2018",VF53142500,Pay,Direct Annual,No,
"Thursday, February 15, 2018",VF53213140,Pay EFT,Monthly EFT,No,
"Thursday, February 15, 2018",VF53224680,Pay EFT,Monthly EFT,Yes,
"Thursday, February 15, 2018",VP66299280,Pay,Direct Annual,No,
"Tuesday, February 20, 2018",VF53201420,Pay,Direct Annual,No,
"Wednesday, February 21, 2018",VF53224160,Pay,Direct Annual,No,
"Wednesday, February 21, 2018",VP66315820,Pay EFT,Monthly EFT,Yes,
"Wednesday, February 21, 2018",VF53223850,Pay,Direct Annual,No,
"Thursday, February 22, 2018",VF53224160,Pay,Direct Annual,No,
"Friday, February 23, 2018",VF53233640,Pay EFT,Direct Annual,No,
"Friday, February 23, 2018",VF53165520 ,Pay EFT,Monthly EFT,Yes,
"Monday, February 26, 2018",VF53061420,Pay,Monthly EFT,No,
"Monday, February 26, 2018",VF53213880,Pay,Direct Annual,No,
"Monday, February 26, 2018",VP66299960,Pay,Direct Annual,No,
"Monday, February 26, 2018",VF53204390,Pay,Direct Annual,Yes,
"Monday, February 26, 2018",VF53242510,Pay,Monthly EFT,Yes,
"Monday, February 26, 2018",VF53163480,Pay EFT,Monthly EFT,Yes,
"Wednesday, February 28, 2018",VF53220750,Pay,Direct Annual,No,
"Wednesday, February 28, 2018",VF53178640,Pay,Direct Annual,No,
"Wednesday, February 28, 2018",VP66298300,Pay,Direct Annual,No,
"Wednesday, February 28, 2018",VF53191690,Pay,Direct Quarterly,No,
"Wednesday, February 28, 2018",VF53245330,Pay,Direct Annual,No,
"Wednesday, February 28, 2018",VP66316530,Pay,Direct Quarterly,No,
"Wednesday, February 28, 2018",VF53231220,Pay EFT,Monthly EFT,Yes,
"Wednesday, February 28, 2018",VP66314900,Pay EFT,Monthly EFT,No,
"Wednesday, February 28, 2018",VP66314960,Pay EFT,Monthly EFT,No,
"Wednesday, February 28, 2018",VP66317020,Pay,Direct Annual,No,
"Wednesday, February 28, 2018",VF53239610,Pay,Direct Annual,No,
"Wednesday, February 28, 2018",VF53232030,Pay,Direct Annual,No,
"Wednesday, February 28, 2018",VF53220840,Pay,Direct Semi-Annual,No,
"Wednesday, February 28, 2018",VP66307580,Pay,Direct Annual,No,
"Wednesday, February 28, 2018",VF53218250,Pay,Direct Quarterly,No,
"Wednesday, February 28, 2018",VF53224070,Pay EFT,Monthly EFT,Yes,
"Wednesday, February 28, 2018",VP66319230,Pay,Listbill,No,
"Monday, March 12, 2018",VF53048320,Pay,Monthly EFT,No,
"Monday, March 12, 2018",VF53175490,Pay,Direct Annual,No,
"Monday, March 12, 2018",VF53204820,Pay,Monthly EFT,Yes,
"Monday, March 12, 2018",VP66300950,Pay EFT,Monthly EFT,Yes,
"Monday, March 12, 2018",VF53153710,Pay EFT,Monthly EFT,Yes,
"Monday, March 12, 2018",VF53233670,Pay,Direct Annual,No,
"Monday, March 12, 2018",VP66315740,Pay,Direct Annual,No,
"Wednesday, March 14, 2018",VF53216550,Pay,Direct Annual,No,
"Wednesday, March 14, 2018",VF53210400,Pay,Direct Annual,No,
"Wednesday, March 14, 2018",VF53169260,Pay,Direct Quarterly,No,
"Wednesday, March 14, 2018",VF53196560,Pay,Monthly EFT,No,
"Wednesday, March 14, 2018",VF53260490,Pay,Direct Annual,No,
"Wednesday, March 14, 2018",VF53223510,Pay,Direct Annual,No,
"Wednesday, March 14, 2018",VP66304130,Pay,Direct Annual,No,
"Wednesday, March 14, 2018",VP66305740,Pay,Direct Semi-Annual,No,
"Wednesday, March 14, 2018",VP66308030,Pay,Direct Annual,No,
"Friday, March 16, 2018",VF53193990,Pay,Direct Annual,No,
"Monday, March 19, 2018",VF53235770,Pay,Direct Annual,No,
"Monday, March 19, 2018",VF53230850,Pay,Direct Quarterly,No,
"Monday, March 19, 2018",VF53202960,Pay,Direct Annual,No,
"Monday, March 19, 2018",VF53247890,Pay,Direct Annual,No,
"Monday, March 19, 2018",VF53202970,Pay,Direct Annual,No,
"Monday, March 19, 2018",VP66315840,Pay,Direct Annual,No,
"Monday, March 19, 2018",VP66320120,Pay,Direct Annual,No,
"Monday, March 19, 2018",VF53215690,Pay EFT,Monthly EFT,Yes,
"Monday, March 19, 2018",VF53166570,Pay,Direct Annual,No,
"Monday, March 19, 2018",VF53219870,Pay,Direct Annual,No,
"Monday, March 19, 2018",VF53219640,Pay,Direct Annual,No,
"Monday, March 19, 2018",VF53220420,Pay,Direct Annual,No,
"Monday, March 19, 2018",VF53211610,Pay,Direct Quarterly,No,
"Monday, March 19, 2018",VF53218540,Pay,Direct Annual,No,
"Tuesday, March 20, 2018",VF53196440,Pay,Direct Annual,No,
"Wednesday, March 21, 2018",VF53220870,Pay,Direct Annual,No,
"Wednesday, March 21, 2018",VF53253780,Pay,Direct Annual,No,
"Wednesday, March 21, 2018",VF53253780,Pay,Direct Annual,No,
"Wednesday, March 21, 2018",VF53253610,Pay,Direct Annual,No,
"Wednesday, March 21, 2018",VF53253600,Pay,Direct Annual,No,
"Wednesday, March 21, 2018",VF53234450,Pay,Monthly EFT,Yes,
"Wednesday, March 21, 2018",VF53201470,Pay,Monthly EFT,Yes,
"Wednesday, March 21, 2018",VF53183550,Pay,Listbill,No,
"Wednesday, March 21, 2018",VF53183540,Pay,Listbill,No,
"Wednesday, March 21, 2018",VF53183560,Pay,Listbill,No,
"Thursday, March 22, 2018",VF53253790,Pay,Direct Annual,No,
"Thursday, March 22, 2018",VF53213150,Pay,Direct Annual,No,
"Monday, March 26, 2018",VF53209700,Pay,Direct Annual,No,
"Monday, March 26, 2018",VF53235210,Pay,Direct Annual,No,
"Monday, March 26, 2018",VF53247890,Pay,Direct Annual,No,
"Monday, March 26, 2018",VF53249520,Pay,Direct Annual,No,
"Monday, March 26, 2018",VF53249510,Pay,Direct Annual,No,
"Monday, March 26, 2018",VF53235290,Pay EFT,Monthly EFT,Yes,
"Monday, March 26, 2018",VF53182330,Pay,Direct Annual,No,
"Monday, March 26, 2018",VF53235770,Pay,Direct Annual,No,
"Monday, March 26, 2018",VF53235310,Pay,Monthly EFT,Yes,
"Monday, March 26, 2018",VF53224530,Pay,Direct Annual,No,
"Monday, March 26, 2018",VF53200300,Pay,Monthly EFT,No,
"Monday, March 26, 2018",VP66309380,Pay,Monthly EFT,Yes,
"Monday, March 26, 2018",VF53175590,Pay EFT,Monthly EFT,Yes,
"Monday, March 26, 2018",VF53233040,Pay,Direct Quarterly,No,
"Monday, March 26, 2018",VF53089040,Pay EFT,Monthly EFT,Yes,
"Monday, March 26, 2018",VF53216960,Pay,Direct Annual,No,
"Monday, March 26, 2018",VF53235650,Pay,Monthly EFT,Yes,
"Monday, March 26, 2018",VF53242530,Pay,Direct Annual,No,
"Monday, March 26, 2018",VP66315700,Pay,Direct Quarterly,No,
"Tuesday, March 27, 2018",VF53178290,Pay,Direct Annual,No,
"Wednesday, March 28, 2018",VP66302040,Pay EFT,Monthly EFT,No,
"Wednesday, March 28, 2018",VF53219350,Pay,Direct Annual,No,
"Wednesday, March 28, 2018",VP66312820,Pay,Direct Annual,No,
"Wednesday, March 28, 2018",VF53151970,Pay,Monthly EFT,Yes,
"Wednesday, March 28, 2018",VF53124540,Pay,Direct Annual,No,
"Wednesday, March 28, 2018",VP66305810,Pay EFT,Monthly EFT,No,
"Thursday, March 29, 2018",VP71083090,Pay EFT,Monthly EFT,No,
"Thursday, March 29, 2018",VP71083090,Pay EFT,Monthly EFT,No,
"Thursday, March 29, 2018",VF53234040,Pay,Direct Annual,No,
"Thursday, March 29, 2018",VP66315770,Pay,Direct Annual,No,
"Thursday, March 29, 2018",VP66318170,Pay,Direct Annual,No,
"Friday, March 30, 2018",VF53261260,Pay,Direct Annual,No,
"Monday, April 2, 2018",VF53220700,Pay,Direct Annual,No,
"Monday, April 2, 2018",VF53236710,Pay,Direct Annual,No,
"Monday, April 2, 2018",VP66316300,Pay,Direct Quarterly,No,
"Monday, April 2, 2018",VF53221110,Pay,Direct Annual,No,
"Tuesday, April 3, 2018",VF53253940,Pay,Direct Annual,No,
"Wednesday, April 4, 2018",VF53233790,Pay,Monthly EFT,Yes,
"Monday, April 9, 2018",VF53252860 ,Pay,Direct Annual,No,
"Monday, April 9, 2018",VF53169880,Pay,Direct Annual,No,
"Monday, April 9, 2018",VF53124060,Pay,Direct Annual,No,
"Monday, April 9, 2018",VF53225210,Pay,Direct Annual,No,
"Monday, April 9, 2018",VF53207020,Pay,Direct Annual,No,
"Monday, April 9, 2018",VF53224550,Pay,Direct Annual,No,
"Wednesday, April 11, 2018",VF53236190,Pay,Direct Annual,No,
"Wednesday, April 11, 2018",VF53236420,Pay,Direct Annual,No,
"Thursday, April 12, 2018",VF53264840,Pay,Direct Annual,No,
"Friday, April 13, 2018",VF53173440,Pay,Direct Annual,No,
"Friday, April 13, 2018",VF53173440,Pay,Direct Annual,No,
"Monday, April 16, 2018",VF53236000,Pay,Direct Annual,No,
"Monday, April 16, 2018",VF53217220,Pay,Direct Annual,No,
"Monday, April 16, 2018",VF53181010,Pay,Monthly EFT,No,
"Monday, April 16, 2018",VF53203060,Pay,Direct Annual,No,
"Monday, April 16, 2018",VF53223360,Pay,Direct Annual,No,
"Monday, April 16, 2018",VF53203900,Pay,Direct Annual,No,
"Monday, April 16, 2018",VF53218070,Pay,Direct Annual,No,
"Monday, April 16, 2018",VF53211970,Pay,Monthly EFT,No,
"Monday, April 16, 2018",VP66315480,Pay,Direct Annual,No,
"Monday, April 16, 2018",VF53173070,Pay,Direct Annual,No,
"Monday, April 16, 2018",VP66315830,Pay,Direct Annual,No,
"Monday, April 16, 2018",VF53224980,Pay,Direct Annual,No,
"Wednesday, April 18, 2018",VF53233030,Pay,Direct Annual,No,
"Wednesday, April 18, 2018",VF53232060,Pay EFT,Direct Annual,No,
"Wednesday, April 18, 2018",VF53217160,Pay EFT,Monthly EFT,Yes,
"Wednesday, April 18, 2018",VP66319300,Pay,Direct Annual,No,
"Thursday, April 19, 2018",VF53259180,Pay,Direct Annual,No,
"Monday, April 23, 2018",VF53152520,Pay,Direct Annual,No,
"Monday, April 23, 2018",VF53236710,Pay,Direct Annual,No,
"Monday, April 23, 2018",VF53223080,Pay,Direct Annual,No,
"Monday, April 23, 2018",VF53218280,Pay,Direct Annual,No,
"Monday, April 23, 2018",VF53231620,Pay,Direct Annual,No,
"Monday, April 23, 2018",VF53231380,Pay,Direct Annual,No,
"Monday, April 23, 2018",VP66303040,Pay,Direct Annual,No,
"Thursday, April 26, 2018",VF53242490,Pay,Direct Annual,No,
"Thursday, April 26, 2018",VF53263780,Pay,Direct Annual,No,
"Thursday, April 26, 2018",VF53260650,Pay,Direct Annual,No,
"Thursday, April 26, 2018",VF53260680,Pay,Direct Annual,No,
"Wednesday, May 2, 2018",VF53222790,Pay,Direct Annual,No,
"Wednesday, May 2, 2018",VF53209140,Pay,Direct Annual,No,
"Wednesday, May 2, 2018",VF53236650,Pay EFT,Monthly EFT,No,
"Monday, May 7, 2018",VF53223490,Pay,Direct Annual,No,
"Monday, May 7, 2018",VF53238740,Pay,Direct Annual,No,
"Monday, May 7, 2018",VP66299470,Pay,Direct Annual,No,
"Thursday, May 10, 2018",VF53191100,Pay,Direct Annual,No,
"Friday, May 11, 2018",VF53257730,Pay,Direct Annual,No,
"Monday, May 14, 2018",VF53267720,Pay,Direct Annual,No,
"Monday, May 14, 2018",VP66302980,Pay,Direct Annual,No,
"Monday, May 14, 2018",VF53250410,Pay,Monthly EFT,No,
"Thursday, May 17, 2018",VF53170120,Pay EFT,Monthly EFT,Yes,
"Friday, May 18, 2018",VF53220760,Pay,Direct Annual,No,
"Monday, May 21, 2018",VF53168080,Pay EFT,Monthly EFT,Yes,
"Monday, May 21, 2018",VF53223230,Pay,Direct Annual,No,
"Monday, May 21, 2018",VF53236650,Pay EFT,Monthly EFT,Yes,
"Tuesday, May 22, 2018",VF53231260,Pay,Direct Annual,No,
"Tuesday, May 22, 2018",VF53261220,Pay,Direct Annual,No,
"Tuesday, May 22, 2018",VF53230620,Pay EFT,Monthly EFT,Yes,
"Tuesday, May 22, 2018",VF53188240,Pay,Direct Annual,No,
"Tuesday, May 22, 2018",VF53117490,Pay,Direct Annual,No,
"Wednesday, May 30, 2018",VF53236670,Pay,Monthly EFT,Yes,
"Monday, June 4, 2018",VF53173100,Pay,Direct Annual,No,
"Monday, June 4, 2018",VF53176140,Pay,Monthly EFT,Yes,
"Tuesday, June 5, 2018",VF53219860,Pay,Direct Annual,No,
"Monday, June 11, 2018",VF53296450,Pay,Direct Annual,No,
"Monday, June 11, 2018",VF53136310,Pay EFT,Monthly EFT,Yes,
"Monday, June 11, 2018",VF53188270,Pay,Direct Annual,No,
"Monday, June 11, 2018",VF53221720,Pay,Direct Annual,No,
"Friday, June 22, 2018",VF53220720,Pay,Direct Annual,No,
"Monday, June 25, 2018",VF53187230,Pay,Direct Annual,No,
"Wednesday, June 27, 2018",VP66318050 ,Pay,Direct Annual,No,
"Wednesday, June 27, 2018",VF53164670,Pay EFT,Monthly EFT,Yes,
"Wednesday, June 27, 2018",VF53136310,Pay EFT,Monthly EFT,Yes,
"Wednesday, June 27, 2018",VF53212780,Pay,Direct Annual,No,
"Thursday, June 28, 2018",VF53189930,Pay,Direct Annual,No,
"Thursday, June 28, 2018",VF53212780,Pay,Direct Annual,No,
"Monday, July 2, 2018",VF53217290,Pay,Direct Annual,No,
"Thursday, July 5, 2018",VF53157460,Pay,Direct Annual,No,
"Tuesday, July 10, 2018",VF53240590,Pay,Direct Annual,No,
